city_ascii,province_id,lat,lng,postal
Toronto,ON,43.7417,-79.3733,M5T M5V M5P M5S M5R M5E M5G M5A M5C M5B M5M M5N M5H M5J M4X M4Y M4R M4S M4P M4V M4W M4T M4J M4K M4H M4N M4L M4M M4B M4C M4A M4G M4E M3N M3M M3L M3K M3J M3H M3C M3B M3A M2P M2R M2L M2M M2N M2H M2J M2K M1C M1B M1E M1G M1H M1K M1J M1M M1L M1N M1P M1S M1R M1T M1W M1V M1X M9P M9R M9W M9V M9M M9L M9N M9A M9C M9B M6P M6R M6S M6A M6B M6C M6E M6G M6H M6J M6K M6L M6M M6N M8Z M8X M8Y M8V M8W
Montreal,QC,45.5089,-73.5617,H1X H1Y H1Z H1P H1R H1S H1T H1V H1W H1H H1J H1K H1L H1M H1N H1A H1B H1C H1E H1G H2Y H2X H2Z H2T H2W H2V H2P H2S H2R H2M H2L H2N H2H H2K H2J H2E H2G H2A H2C H2B H3B H3C H3A H3G H3E H3J H3K H3H H3N H3L H3M H3R H3S H3V H3W H3T H3X H4G H4E H4C H4B H4A H4N H4M H4L H4K H4J H4H H4V H4T H4S H4R H4P H8N H8S H8R H8P H8T H8Z H8Y H9A H9E H9H H9J H9K H9C
Vancouver,BC,49.25,-123.1,V6Z V6S V6R V6P V6N V6M V6L V6K V6J V6H V6G V6E V6C V6B V6A V5M V5K V5S V5P V5Z V5N V5L V5V V5W V5T V5R V5X V5Y
Calgary,AB,51.05,-114.0667,T1Y T2H T2K T2J T2M T2L T2N T2A T2C T2B T2E T2G T2Y T2X T2Z T2S T2R T2T T2W T2V T3N T3L T3M T3J T3K T3H T3G T3E T3B T3C T3A T3R T3S T3P
Edmonton,AB,53.5344,-113.4903,T5X T5Y T5Z T5P T5R T5S T5T T5V T5W T5H T5J T5K T5L T5M T5N T5A T5B T5C T5E T5G T6Y T6X T6T T6W T6V T6P T6S T6R T6M T6L T6N T6H T6K T6J T6E T6G T6A T6C T6B
Ottawa,ON,45.4247,-75.695,K4P K4M K4A K4B K4C K7S K1S K1R K1P K1W K1V K1T K1Z K1Y K1X K1C K1B K1A K1G K1E K1K K1J K1H K1N K1M K1L K0A K2R K2S K2P K2V K2W K2T K2J K2K K2H K2L K2M K2B K2C K2A K2G K2E
Winnipeg,MB,49.8844,-97.1464,R2N R2M R2L R2K R2J R2H R2G R2C R2Y R2X R2W R2V R2R R2P R3L R3M R3N R3H R3J R3K R3E R3G R3A R3B R3X R3Y R3T R3V R3W R3P R3R R3S
Quebec City,QC,46.8139,-71.2081,G3J G1N G1M G1L G1K G1J G1H G1G G1E G1C G1B G1Y G1X G1W G1V G1T G1S G1R G1P G3E G3G G3K G2G G2E G2B G2C G2A G2N G2L G2M G2J G2K
Hamilton,ON,43.2567,-79.8692,L0R L0P L8W L8V L8T L8S L8R L8P L8G L8E L8B L8N L8M L8L L8K L8J L8H L9G L9A L9B L9C L9H L9K N1R
Mississauga,ON,43.6,-79.65,L4W L4V L4T L4Z L4Y L4X L5R L5S L5T L5V L5W L5A L5B L5C L5E L5G L5H L5J L5K L5L L5M L5N
Brampton,ON,43.6833,-79.7667,L7A L6T L6W L6V L6P L6S L6R L6Y L6X L6Z
Surrey,BC,49.19,-122.8489,V4A V4N V4P V3R V3S V3W V3T V3V V3X V3Z
Kitchener,ON,43.4186,-80.4728,N2K N2H N2N N2M N2C N2B N2A N2G N2E N2R N2P
Halifax,NS,44.6475,-63.5906,B2Z B2Y B2X B2W B2V B2T B2S B2R B3Z B3T B3V B3P B3R B3S B3L B3M B3N B3H B3J B3K B3E B3G B3A B3B B0J B0N B4E B4G B4A B4C B4B
Laval,QC,45.5833,-73.75,H7N H7L H7M H7J H7K H7H H7G H7E H7B H7C H7A H7X H7Y H7V H7W H7T H7R H7S H7P
London,ON,42.9836,-81.2497,N5Z N5X N5Y N5V N5W N6P N6G N6E N6C N6B N6A N6N N6M N6L N6K N6H N6J
Victoria,BC,48.4283,-123.3647,V9A V8T V8W V8V V8S V8R
Markham,ON,43.8767,-79.2633,L3T L3R L3P L3S L6E L6G L6C L6B
Oshawa,ON,43.9,-78.85,L1L L1H L1J L1K L1G
Vaughan,ON,43.8333,-79.5,L0J L3L L4K L4J L4H L4L L6A
Windsor,ON,42.2833,-83.0,N8T N8W N8P N8S N8R N8Y N8X N9J N9B N9C N9A N9G N9E N0R
Gatineau,QC,45.4833,-75.65,J8P J8R J8T J8Y J8X J8Z J8M J9J J9H J9A
Saskatoon,SK,52.1333,-106.6833,S7H S7K S7J S7M S7L S7N S7S S7R S7W S7V
Longueuil,QC,45.5333,-73.5167,J4T J4V J4P J4R J4M J4L J4N J4H J4K J4J J4G J3Y J3Z
Burnaby,BC,49.2667,-122.9667,V5H V5G V5E V5B V5C V5J V5A V3J V3N
St. Catharines,ON,43.1833,-79.2333,L2M L2N L2P L2S L2R L2T L2W
Regina,SK,50.4547,-104.6067,S4N S4T S4V S4W S4P S4R S4S S4X S4Y S4Z
Oakville,ON,43.45,-79.6833,L6M L6L L6H L6K L6J
Richmond,BC,49.1667,-123.1333,V6Y V6X V6W V6V V7E V7A V7B V7C
Richmond Hill,ON,43.8667,-79.4333,L4S L4C L4B L4E
Burlington,ON,43.3167,-79.8,L7R L7S L7P L7T L7N L7L L7M
St. John's,NL,47.4817,-52.7971,A1H A1S A1E A1G A1A A1C A1B
Kelowna,BC,49.8881,-119.4956,V1X V1Y V1P V1W V1V
Sherbrooke,QC,45.4,-71.9,J1N J1L J1M J1J J1K J1H J1G J1E J1C J1R
Sudbury,ON,46.49,-81.01,P0M P3N P3L P3B P3C P3A P3G P3Y P3P
Barrie,ON,44.3711,-79.6769,L9J L4N L4M
Abbotsford,BC,49.05,-122.3167,V4X V2T V2S V3G
Levis,QC,46.8,-71.1833,G7A G6J G6K G6C G6Z G6X G6Y G6V G6W
Coquitlam,BC,49.2839,-122.7919,V3C V3E V3B V3J V3K
Saguenay,QC,48.4167,-71.0667,G8A G7T G7Z G7G G7B G7N G7H G7K G7J G7P G7S G7Y G7X
Guelph,ON,43.55,-80.25,N1C N1G N1E N1K N1H N1L
Trois-Rivieres,QC,46.35,-72.55,G9C G9B G9A G8T G8V G8W G8Y G8Z
Whitby,ON,43.8833,-78.9417,L0B L1P L1R L1M L1N
Cambridge,ON,43.3972,-80.3114,N3H N3C N3E N1R N1S N1P N1T
Milton,ON,43.5083,-79.8833,L7J L0P L9T L9E
Ajax,ON,43.8583,-79.0364,L1Z L1T L1S
Waterloo,ON,43.4667,-80.5167,N2K N2J N2L N2V N2T
Terrebonne,QC,45.7,-73.6333,J6Y J6X J6W J7M J6V
Moncton,NB,46.1328,-64.7714,E1H E1A E1C E1E E1G
Saanich,BC,48.484,-123.381,V9A V8N V8Z V8P V9E V8Y V8X V8R
White Rock,BC,49.025,-122.8028,V4B
Thunder Bay,ON,48.3822,-89.2461,P7G P7E P7B P7C P7J P7K
Delta,BC,49.0847,-123.0586,V4C V4E V4G V4K V4M V4L
Nanaimo,BC,49.1642,-123.9364,V9R V9S V9V V9T
Brantford,ON,43.1667,-80.25,N3P N3R N3S N3T N3V
Chatham,ON,42.4229,-82.1324,N8A N0P N7L N7M
Clarington,ON,43.935,-78.6083,L0B L0A L1E L1B L1C
Saint-Jerome,QC,45.7833,-74.0,J7Y J7Z J5L
Red Deer,AB,52.2681,-113.8111,T4S T4R T4P T4N
Pickering,ON,43.8354,-79.089,L0H L1X L1Y L1V L1W
Lethbridge,AB,49.6942,-112.8328,T1H T1J T1K
Kamloops,BC,50.6761,-120.3408,V2E V2C V1S V2B
Saint-Jean-sur-Richelieu,QC,45.3167,-73.2667,J2W J2Y J2X J3A J3B
Niagara Falls,ON,43.06,-79.1067,L0S L2E L2G L2H L2J L3B
Cape Breton,NS,46.1389,-60.1931,B2A B1S B1V B1G B1B B1C B1A B1L B1M B1K B1H B1T B1R B1P B1Y B1E B1N B1J
Chilliwack,BC,49.1577,-121.9509,V4Z V2R V2P
Brossard,QC,45.4667,-73.45,J4Y J4X J4Z J4W
Maple Ridge,BC,49.2167,-122.6,V4R V2W V2X
Newmarket,ON,44.05,-79.4667,L3X L3Y
Repentigny,QC,45.7333,-73.4667,J6A J5Z J5Y
Peterborough,ON,44.3,-78.3167,K9K K9J K9H K9L
Drummondville,QC,45.8833,-72.4833,J2E J2C J2B J2A J1Z
Kawartha Lakes,ON,44.35,-78.75,L0K L0B L0A K9V K0M
New Westminster,BC,49.2069,-122.9111,V3L V3M
Prince George,BC,53.9169,-122.7494,V2L V2K V2N V2M
Caledon,ON,43.8667,-79.8667,L7K L7C L7E
Chateauguay,QC,45.38,-73.75,J6K J6J
Belleville,ON,44.1667,-77.3833,K8N K8P K0K
Airdrie,AB,51.2917,-114.0144,T4B T4A
Sarnia,ON,42.9994,-82.3089,N7T N7V N7W N7S N7X
Wood Buffalo,AB,57.6042,-111.3284,T9H T9K T9J T0P
Sault Ste. Marie,ON,46.5333,-84.35,P6A P6C P6B
Saint John,NB,45.2806,-66.0761,E2P E2L E2M E2N E2H E2J E2K
Welland,ON,42.9833,-79.2333,L3B L3C
Granby,QC,45.4,-72.7333,J2G J2J J2H
St. Albert,AB,53.6303,-113.6258,T8N
Fredericton,NB,45.9636,-66.6431,E3G E3C E3B E3A
Grande Prairie,AB,55.1708,-118.7947,T8V T8X T8W
Medicine Hat,AB,50.0417,-110.6775,T1A T1B T1C
Halton Hills,ON,43.63,-79.95,L7J L7G L0P L9T
Aurora,ON,44.0,-79.4667,L4G
Port Coquitlam,BC,49.2625,-122.7811,V3C V3B
Mirabel,QC,45.65,-74.0833,J7J J7N
Blainville,QC,45.67,-73.88,J7B J7C
Lac-Brome,QC,45.2167,-72.5167,J0E
North Vancouver,BC,49.3201967175102,-123.069940224484,V7L V7M
Saint-Hyacinthe,QC,45.6167,-72.95,J2T J2S J2R
Beloeil,QC,45.5667,-73.2,J3G
North Bay,ON,46.3,-79.45,P1A P1B P1C
Charlottetown,PE,46.2403,-63.1347,C1C C1A C1E
Vernon,BC,50.267,-119.272,V1T V1H
Brandon,MB,49.8483,-99.95,R7A R7B R7C
Mascouche,QC,45.75,-73.6,J7K J7L
Stouffville,ON,43.9667,-79.25,L4A
Shawinigan,QC,46.5667,-72.75,G9N G9T G9R G9P G0X
Joliette,QC,46.0167,-73.45,J6E
Rimouski,QC,48.45,-68.53,G5N G5M G5L G0L
Courtenay,BC,49.6878,-124.9944,V9N
Dollard-des-Ormeaux,QC,45.4833,-73.8167,H9A H9B H9G
Cornwall,ON,45.0275,-74.74,K6J K6K K6H
Victoriaville,QC,46.05,-71.9667,G6R G6P G6T
Georgina,ON,44.3,-79.4333,L0E L4P
Woodstock,ON,43.1306,-80.7467,N4S N4T N4V
Langford Station,BC,48.4506,-123.5058,V9B V9C
Quinte West,ON,44.1833,-77.5667,K8N K8R K8V K0K
St. Thomas,ON,42.775,-81.1833,N5R N5P
Saint-Eustache,QC,45.57,-73.9,J7P J7R
West Vancouver,BC,49.3667,-123.1667,V7T V7V V7S
New Tecumseth,ON,44.0833,-79.75,L0L L0G L9R
Innisfil,ON,44.3,-79.5833,L0L L9S
Vaudreuil-Dorion,QC,45.4,-74.0333,J7V
Bradford West Gwillimbury,ON,44.1333,-79.6333,L0G L3Z
Salaberry-de-Valleyfield,QC,45.25,-74.13,J6S J6T
Rouyn-Noranda,QC,48.2333,-79.0167,J9X J9Y J0Y J0Z
Boucherville,QC,45.6,-73.45,J4B
Mission,BC,49.1337,-122.3112,V4S V2V
Timmins,ON,48.4667,-81.3333,P0N P4N P4R P4P
Lakeshore,ON,42.2399,-82.6511,N8M N8N N9K N0P N0R
Brant,ON,43.1167,-80.3667,N3L N3T N3W N0E
Spruce Grove,AB,53.545,-113.9008,T7X
Campbell River,BC,50.0244,-125.2475,V9H V9W
Prince Albert,SK,53.2,-105.75,S6X S6V S6W
Penticton,BC,49.4911,-119.5886,V2A
Sorel-Tracy,QC,46.0333,-73.1167,J3P J3R
East Kelowna,BC,49.8625,-119.5833,V1Z V4T
Leamington,ON,42.0667,-82.5833,N8H N0P
East Gwillimbury,ON,44.1333,-79.4167,L0G L9N
Cote-Saint-Luc,QC,45.4687,-73.6673,H4W H4V H4X
Orangeville,ON,43.9167,-80.1167,L9W
Leduc,AB,53.2594,-113.5492,T9E
Moose Jaw,SK,50.3933,-105.5519,S6J S6K S6H
Port Moody,BC,49.2831,-122.8317,V3H
Pointe-Claire,QC,45.45,-73.8167,H9R H9S
Orillia,ON,44.6,-79.4167,L3V
Stratford,ON,43.3708,-80.9819,N4Z N5A
Fort Erie,ON,42.9167,-79.0167,L0S L2A
Val-d'Or,QC,48.1,-77.7833,J9P
LaSalle,ON,42.2167,-83.0667,N9J N9H
Cochrane,AB,51.189,-114.467,T4C
North Cowichan,BC,48.8236,-123.7192,V0R V9L
Lloydminster,SK,53.2783,-110.005,S9V
Chambly,QC,45.4311,-73.2873,J3L
Centre Wellington,ON,43.7,-80.3667,N0B N1M
Okotoks,AB,50.725,-113.975,T1S
Alma,QC,48.55,-71.65,G8E G8B G8C
Sainte-Julie,QC,45.5833,-73.3333,J3E
Saint-Constant,QC,45.37,-73.57,J5A
Langley,BC,49.0986908053773,-122.659728692569,V3A
Grimsby,ON,43.2,-79.55,L3M
Magog,QC,45.2667,-72.15,J1X
Boisbriand,QC,45.62,-73.83,J7H J7E J7G
Whitehorse,YT,60.7029,-135.0691,Y1A
Dieppe,NB,46.0989,-64.7242,E1A
King,ON,44.0463,-79.6044,L7B L0G L3Y
Parksville,BC,49.315,-124.312,V9P
Conception Bay South,NL,47.5167,-52.9833,A1W A1X
Fort Saskatchewan,AB,53.7128,-113.2133,T8L
Woolwich,ON,43.5667,-80.4833,N2J N3B N0B
Sainte-Therese,QC,45.6333,-73.85,J7E
Clarence-Rockland,ON,45.4833,-75.2,K4K K0A
La Prairie,QC,45.42,-73.5,J5R
Saint-Bruno-de-Montarville,QC,45.5333,-73.35,J3V
Midland,ON,44.75,-79.8833,L4R
Thetford Mines,QC,46.1,-71.3,G6H G6G
Lincoln,ON,43.13,-79.43,L0R L2R
Quispamsis,NB,45.4322,-65.9462,E2S E2E E2G
Wasaga Beach,ON,44.5206,-80.0167,L9Z
Collingwood,ON,44.5,-80.2167,L9Y
Sept-Iles,QC,50.2167,-66.3833,G4S G0G
Duncan,BC,48.7787,-123.7079,V9L
Hudson,QC,45.45,-74.15,J0P
Saint-Lin--Laurentides,QC,45.85,-73.7667,J5M
Strathroy-Caradoc,ON,42.9575,-81.6167,N0L N7G
Squamish,BC,49.7017,-123.1589,V0N V8B
Thorold,ON,43.1167,-79.2,L0S L2V L3B
Truro,NS,45.3647,-63.28,B2N
Amherstburg,ON,42.1,-83.0833,N9V N0R
L'Assomption,QC,45.8333,-73.4167,J5W
Tecumseh,ON,42.2431,-82.9256,N8N N9K N0R
Candiac,QC,45.38,-73.52,J5R
Essa,ON,44.25,-79.7833,L0M L0L L9R
Paradise,NL,47.5333,-52.8667,A1L
Saint-Lambert,QC,45.5,-73.5167,J4P J4S J4R
Mount Pearl Park,NL,47.5189,-52.8058,A1N
Saint-Lazare,QC,45.4,-74.1333,J7T
Owen Sound,ON,44.5667,-80.9333,N4K
Brockville,ON,44.5833,-75.6833,K6V
Chestermere,AB,51.05,-113.8225,T1X
Kingsville,ON,42.1,-82.7167,N8M N9Y N0P N0R
Port Alberni,BC,49.2339,-124.805,V9Y
Springwater,ON,44.4333,-79.7333,L0L L9X
Scugog,ON,44.09,-78.936,L0C L0B L9L
Uxbridge,ON,44.1167,-79.1333,L0E L0C L9P
Fort St. John,BC,56.2465,-120.8476,V1J
Wilmot,ON,43.4,-80.65,N3A N0B
Essex,ON,42.0833,-82.9,N8M N0R
Varennes,QC,45.6833,-73.4333,J3X
Oro-Medonte,ON,44.5667,-79.5833,L0L L0K L3V L4R L4M
Mont-Royal,QC,45.5161,-73.6431,H3R H3P H4P
Beaumont,AB,53.3572,-113.4147,T4X
Baie-Comeau,QC,49.2167,-68.15,G5C G4Z
Riverview,NB,46.0613,-64.8052,E1B
Cobourg,ON,43.9667,-78.1667,K9A
Cranbrook,BC,49.5097,-115.7667,V1C
Yellowknife,NT,62.4709,-114.4053,X1A
South Frontenac,ON,44.5081,-76.4939,K0H
Riviere-du-Loup,QC,47.8333,-69.5333,G5R
Port Colborne,ON,42.8833,-79.25,L0S L3K
Saint-Augustin-de-Desmaures,QC,46.7333,-71.4667,G3A
Huntsville,ON,45.3333,-79.2167,P0B P1H
Sainte-Marthe-sur-le-Lac,QC,45.53,-73.93,J0N
Lloydminster,AB,53.2807,-110.035,T9V
Westmount,QC,45.4833,-73.6,H3Z H3Y
Russell,ON,45.2569,-75.3583,K4R K0A
Les Coteaux,QC,45.28,-74.23,J7X
Salmon Arm,BC,50.7022,-119.2722,V1E
Kirkland,QC,45.45,-73.8667,H9H H9J
Corner Brook,NL,48.9287,-57.926,A2H
New Glasgow,NS,45.5926,-62.6455,B2H
Dorval,QC,45.45,-73.75,H9P H9S
Beaconsfield,QC,45.4333,-73.8667,H9W
Pitt Meadows,BC,49.2333,-122.6833,V3Y
Niagara-on-the-Lake,ON,43.2553,-79.0717,L0S
Colwood,BC,48.4236,-123.4958,V9B V9C
Middlesex Centre,ON,43.05,-81.45,N0M N0L N6P N6H
Mont-Saint-Hilaire,QC,45.5622,-73.1917,J3H
Camrose,AB,53.0167,-112.8333,T4V
Selwyn,ON,44.4167,-78.3333,K9J K9L K0L
Tillsonburg,ON,42.8667,-80.7333,N4G
Pelham,ON,43.0333,-79.3333,L0S
Petawawa,ON,45.9,-77.2833,K8H
Stony Plain,AB,53.5264,-114.0069,T7Z
Oak Bay,BC,48.4264,-123.3228,V8P V8S V8R
North Grenville,ON,44.9667,-75.65,K0G
Loyalist,ON,44.25,-76.75,K7N K7R K0H
Deux-Montagnes,QC,45.5333,-73.8833,J7R
Steinbach,MB,49.5258,-96.6839,R5G
Saint-Colomban,QC,45.73,-74.13,J5K
Miramichi,NB,47.0196,-65.5072,E1V E1N
Esquimalt,BC,48.4306,-123.4147,V9A
Central Saanich,BC,48.5142,-123.3839,V8M
Sainte-Catherine,QC,45.4,-73.58,J5C
Port Hope,ON,43.95,-78.3,L0A L1A
Inverness,NS,46.2,-61.1,B0E
Saint-Basile-le-Grand,QC,45.5333,-73.2833,J3N
L'Ancienne-Lorette,QC,46.8,-71.35,G2E
Swift Current,SK,50.2881,-107.7939,S9H
Pembroke,ON,45.8167,-77.1,K8A
Edmundston,NB,47.3765,-68.3253,E7C E7B E3V
Yorkton,SK,51.2139,-102.4628,S3N
Springfield,MB,49.9292,-96.6939,R5N R5L R5M R5R R5P R5T
Sylvan Lake,AB,52.3083,-114.0964,T4S
Bracebridge,ON,45.0333,-79.3,P1L
Summerside,PE,46.4,-63.7833,C1N C0B
Canmore,AB,51.089,-115.359,T1W
Bathurst,NB,47.62,-65.65,E2A
Greater Napanee,ON,44.25,-76.95,K7R K0H K0K
Lake Country,BC,50.0833,-119.4142,V4V
Hanover,MB,49.4433,-96.8492,R5G R0A
Winkler,MB,49.1817,-97.9397,R6W
Saint-Charles-Borromee,QC,46.05,-73.4667,J6E
Cowansville,QC,45.2,-72.75,J2K
Sainte-Anne-des-Plaines,QC,45.7617,-73.8204,J0N
Gaspe,QC,48.8333,-64.4833,G4X
Sooke,BC,48.3761,-123.7378,V9Z
Kenora,ON,49.7667,-94.4833,P9N
Cold Lake,AB,54.4642,-110.1825,T9M
Brooks,AB,50.5642,-111.8989,T1R
Kentville,NS,45.0775,-64.4958,B4N
Comox,BC,49.6733,-124.9022,V0R V9M
Pincourt,QC,45.3833,-73.9833,J7W
Mississippi Mills,ON,45.2167,-76.2,K7C K0A
St. Clair,ON,42.7833,-82.35,N8A N0N N0P
Terrace,BC,54.5164,-128.5997,V8G
Mercier,QC,45.32,-73.75,J6R
West Lincoln,ON,43.0667,-79.5667,L0R
Lavaltrie,QC,45.8833,-73.2833,J5T
West Nipissing / Nipissing Ouest,ON,46.3667,-79.9167,P0H P1B P2B
Strathmore,AB,51.0378,-113.4003,T1P
High River,AB,50.5808,-113.8744,T1V
Clearview,ON,44.3981,-80.0742,L0M L9Y
Lachute,QC,45.65,-74.3333,J8H
Rosemere,QC,45.6369,-73.8,J7A
Matane,QC,48.85,-67.5333,G4W
Thames Centre,ON,43.03,-81.08,N0M N0L N6M
Powell River,BC,49.8353,-124.5247,V8A
Carleton Place,ON,45.1333,-76.1333,K7C
Guelph/Eramosa,ON,43.63,-80.22,N0B N1E N1H
Grand Falls,NL,48.9578,-55.6633,A2A A2B
North Battleford,SK,52.7575,-108.2861,S9A
Mont-Laurier,QC,46.55,-75.5,J9L
Central Elgin,ON,42.7667,-81.1,N5R N5P N5L N0L
Mistassini,QC,48.8229,-72.2154,G8L
Saugeen Shores,ON,44.4333,-81.3667,N0H
Ingersoll,ON,43.0392,-80.8836,N5C
Beauharnois,QC,45.32,-73.87,J6N
South Stormont,ON,45.0833,-74.9667,K0C
Becancour,QC,46.3333,-72.4333,G9H
Severn,ON,44.75,-79.5167,L0K P0E L3V
Lacombe,AB,52.4683,-113.7369,T4L
Sainte-Sophie,QC,45.82,-73.9,J5J
Val-des-Monts,QC,45.65,-75.6667,J8N
Saint-Amable,QC,45.65,-73.3,J0L
Portage La Prairie,MB,49.9728,-98.2919,R1N
South Glengarry,ON,45.2,-74.5833,K6H K0C
Sainte-Marie,QC,46.45,-71.0333,G6E
North Perth,ON,43.73,-80.95,N4W N0K N0G
Thompson,MB,55.7433,-97.8553,R8N
Trent Hills,ON,44.3142,-77.8514,K0K K0L
Trail,BC,49.095,-117.71,V1R
The Nation / La Nation,ON,45.35,-75.0333,K0A K0B K0C
Amos,QC,48.5667,-78.1167,J9T
Wetaskiwin,AB,52.9694,-113.3769,T9A
West Grey,ON,44.1833,-80.8167,N4N N0G N0C
Warman,SK,52.3219,-106.5842,S0K
Dawson Creek,BC,55.7606,-120.2356,V1G
Sidney,BC,48.6506,-123.3986,V8L
Gravenhurst,ON,44.9167,-79.3667,P0E P1P
Prince Rupert,BC,54.3122,-130.3271,V8J
Perth East,ON,43.47,-80.95,N4W N5A N3A N0K N0B
North Saanich,BC,48.6142,-123.42,V8L
Prevost,QC,45.87,-74.08,J0R
Sainte-Adele,QC,45.95,-74.13,J8B
Sainte-Agathe-des-Monts,QC,46.05,-74.28,J8C
Quesnel,BC,52.9784,-122.4927,V2J
Les Iles-de-la-Madeleine,QC,47.3833,-61.8667,G4T
Tache,MB,49.7081,-96.6736,R5J R5K R0A
Wellington North,ON,43.9,-80.57,N0G
St. Andrews,MB,50.27,-96.9747,R0C R1A
Williams Lake,BC,52.1294,-122.1383,V2G
Gander,NL,48.9569,-54.6089,A1V
Whistler,BC,50.1208,-122.9544,V8E
Brighton,ON,44.1222,-77.7642,K0K
Tiny,ON,44.6833,-79.95,L0L L9M
Hawkesbury,ON,45.6,-74.6,K6A
Carignan,QC,45.45,-73.3,J3L
Brock,ON,44.3167,-79.0833,L0K L0E L0C
L'Ile-Perrot,QC,45.3833,-73.95,J7V
Summerland,BC,49.6006,-119.6778,V0H
St. Clements,MB,50.2689,-96.6742,R0E R1B R1C R1A
View Royal,BC,48.4517,-123.4339,V9B
Montmagny,QC,46.9833,-70.55,G5V
Cantley,QC,45.5667,-75.7833,J8V
Erin,ON,43.7667,-80.0667,L7J L0N N0B
Notre-Dame-de-l'Ile-Perrot,QC,45.3667,-73.9333,J7V
Kincardine,ON,44.1667,-81.6333,N2Z N0G
Elliot Lake,ON,46.3833,-82.65,P5A
Bromont,QC,45.3167,-72.65,J2L
Arnprior,ON,45.4333,-76.35,K7S
North Dundas,ON,45.0833,-75.35,K0C K0E
Wellesley,ON,43.55,-80.7167,N0B
Nelson,BC,49.5,-117.2833,V0G V1L
Ladysmith,BC,48.9975,-123.8203,V9G
Coldstream,BC,50.22,-119.2481,V1B
Georgian Bluffs,ON,44.65,-81.0333,N4K N0H
Weyburn,SK,49.6611,-103.8525,S4H
La Tuque,QC,48.0652,-74.0528,G9X G0X
Norwich,ON,42.9833,-80.6,N4S N4G N0J
Meaford,ON,44.58,-80.73,N4K N4L N0H
Adjala-Tosorontio,ON,44.1333,-79.9333,L0N L0M L0G L9R
Hamilton Township,ON,44.054,-78.2164,K9A K0K K0L
Stratford,PE,46.2167,-63.0893,C1B
Estevan,SK,49.1392,-102.9861,S4A
South Dundas,ON,44.9167,-75.2667,K0C K0E
Lambton Shores,ON,43.1833,-81.9,N0M N0N
North Dumfries,ON,43.32,-80.38,N0B N1R
Martensville,SK,52.2897,-106.6667,S0K
Mapleton,ON,43.7358,-80.6681,N0G N0B
Rawdon,QC,46.05,-73.7167,J0K
Morinville,AB,53.8022,-113.6497,T8R
Blackfalds,AB,52.3833,-113.8,T0M T4M
Chester,NS,44.65,-64.3,B0J
Queens,NS,44.0333,-64.7167,B0T
Selkirk,MB,50.1436,-96.8839,R1A
Saint-Felicien,QC,48.65,-72.45,G8K
Roberval,QC,48.52,-72.23,G8H
Rideau Lakes,ON,44.6667,-76.2167,K7A K0E K0G
Sechelt,BC,49.4742,-123.7542,V0N
Bois-des-Filion,QC,45.6667,-73.75,J6Z
North Glengarry,ON,45.3333,-74.7333,K0B K0C
South Huron,ON,43.32,-81.5,N0M N0K
Marieville,QC,45.4333,-73.1667,J3M
Penetanguishene,ON,44.7667,-79.9333,L9M
Tay,ON,44.7167,-79.7667,L0K L4R
Castlegar,BC,49.3256,-117.6661,V1N
Cavan Monaghan,ON,44.2,-78.4667,L0A K0L
Morden,MB,49.1919,-98.1006,R6M
Temiskaming Shores,ON,47.5167,-79.6833,P0J
Hinton,AB,53.4114,-117.5639,T7V
Saint-Sauveur,QC,45.9,-74.17,J0R
Grey Highlands,ON,44.3333,-80.5,N4L N0C
East St. Paul,MB,49.9772,-97.0103,R2E
Stoneham-et-Tewkesbury,QC,47.1667,-71.4333,G3C
Alfred and Plantagenet,ON,45.5667,-74.9167,K0B
Mont-Tremblant,QC,46.1167,-74.6,J8E
Saint-Zotique,QC,45.25,-74.25,J0P
Saint-Raymond,QC,46.9,-71.8333,G3L
Gibsons,BC,49.4028,-123.5036,V0N
Amherst,NS,45.8167,-64.2167,B4H
Elizabethtown-Kitley,ON,44.7,-75.8833,K6V K6T K0E K0G
Smiths Falls,ON,44.9,-76.0167,K7A
Lorraine,QC,45.6833,-73.7833,J6Z
Ramara,ON,44.6333,-79.2167,L0K L3V
Notre-Dame-des-Prairies,QC,46.05,-73.4333,J6E
Leeds and the Thousand Islands,ON,44.45,-76.08,K7G K0E
Brockton,ON,44.1667,-81.2167,N0G
Laurentian Valley,ON,45.7681,-77.2239,K8A K8B
Mono,ON,44.0167,-80.0667,L9V L9W
Sainte-Julienne,QC,45.97,-73.72,J0K
Qualicum Beach,BC,49.35,-124.4333,V9K
Malahide,ON,42.7928,-80.9361,N5H N0L
Oromocto,NB,45.8488,-66.4788,E2V
Whitecourt,AB,54.1417,-115.6833,T7S
Olds,AB,51.7928,-114.1067,T4H
Huron East,ON,43.63,-81.28,N4W N0M N0K N0G
Beckwith,ON,45.0833,-76.0667,K7A K7C K0A
Labrador City,NL,52.95,-66.9167,A2V
Shelburne,ON,44.0833,-80.2,L9V
Stanley,MB,49.1331,-98.0656,R6M R6W
Taber,AB,49.7847,-112.1508,T1G
Donnacona,QC,46.6747,-71.7294,G3M
Corman Park No. 344,SK,52.2291,-106.8002,S0K S7K S7P S7T
L'Epiphanie,QC,45.8482664184978,-73.506054079174,J5X
West Perth,ON,43.47,-81.2,N0K
Campbellton,NB,48.005,-66.6731,E3N
Bridgewater,NS,44.37,-64.52,B4V
Coaldale,AB,49.7333,-112.6167,T1M
Pont-Rouge,QC,46.75,-71.7,G3H
Champlain,ON,45.5333,-74.65,K6A K0B
Coaticook,QC,45.1333,-71.8,J1A
Minto,ON,43.9167,-80.8667,N0G
La Peche,QC,45.6833,-75.9833,J0X
Shediac,NB,46.2167,-64.5333,E4P
Otterburn Park,QC,45.5333,-73.2167,J3H
Sainte-Brigitte-de-Laval,QC,47.0,-71.2,G0A
Sainte-Catherine-de-la-Jacques-Cartier,QC,46.85,-71.6167,G3N
South Bruce Peninsula,ON,44.7333,-81.2,N0H
Portugal Cove-St. Philip's,NL,47.6272,-52.8506,A1M
Edson,AB,53.5817,-116.4344,T7E
Renfrew,ON,45.4717,-76.6831,K7V
Farnham,QC,45.2833,-72.9833,J2N
Delson,QC,45.37,-73.55,J5B
Plympton-Wyoming,ON,43.0167,-82.0833,N0N
Banff,AB,51.1781,-115.5719,T1L
Kapuskasing,ON,49.4167,-82.4333,P5N
La Malbaie,QC,47.65,-70.15,G5A
Boischatel,QC,46.9,-71.15,G0A
Beauport,QC,46.9667,-71.3,G3B
Zorra,ON,43.15,-80.95,N5C N0M N0J
Kitimat,BC,54.0,-128.7,V8C
Macdonald,MB,49.6725,-97.4472,R4G R0G
Happy Valley,NL,53.3396,-60.4467,A0P
Saint-Hippolyte,QC,45.93,-74.02,J8A
Dauphin,MB,51.1992,-100.0633,R7N
Church Point,NS,44.3333,-66.1167,B0W
Old Chelsea,QC,45.5,-75.7833,J9B
Drumheller,AB,51.4636,-112.7194,T0J
Kirkland Lake,ON,48.15,-80.0333,P0K P2N
Aylmer,ON,42.7667,-80.9833,N5H
Saint-Apollinaire,QC,46.6167,-71.5167,G0S
Puslinch,ON,43.45,-80.1667,N3C N0B N1H
Argyle,NS,43.8,-65.85,B0W
Torbay,NL,47.65,-52.7333,A1K
Yarmouth,NS,43.8361,-66.1175,B5A
Innisfail,AB,52.0333,-113.95,T4G
Nicolet,QC,46.2167,-72.6167,J3T
Rockwood,MB,50.2856,-97.2869,R0C
Drummond/North Elmsley,ON,44.9667,-76.2,K7A K7C K7H K0G
Contrecoeur,QC,45.85,-73.2333,J0L
Hanover,ON,44.15,-81.0333,N4N
Dryden,ON,49.7833,-92.8333,P8N
Iqaluit,NU,63.7598,-68.5107,X0A
Fort Frances,ON,48.6167,-93.4,P9A
Goderich,ON,43.7333,-81.7,N7A
La Sarre,QC,48.8,-79.2,J9Z
Chandler,QC,48.35,-64.6833,G0C
Stone Mills,ON,44.45,-76.9167,K0K
South-West Oxford,ON,42.95,-80.8,N4S N4G N5C N0L N0J
Acton Vale,QC,45.65,-72.5667,J0H
Douro-Dummer,ON,44.45,-78.1,K9J K0L
Saint-Philippe,QC,45.35,-73.47,J0L
McNab/Braeside,ON,45.45,-76.5,K7S K7V K0A
Central Huron,ON,43.63,-81.57,N0M N7A
Rigaud,QC,45.4833,-74.3,J0P
Louiseville,QC,46.25,-72.95,J5V
Chibougamau,QC,49.9167,-74.3667,G8P
Coteau-du-Lac,QC,45.3,-74.18,J0P
Ritchot,MB,49.6647,-97.1167,R5A R0A R0G
Kimberley,BC,49.6697,-115.9775,V1A
Blandford-Blenheim,ON,43.2333,-80.6,N0J
Bayham,ON,42.7333,-80.7833,N5H N0J
Augusta,ON,44.7511,-75.6003,K6V K0E K0G
Stephenville,NL,48.55,-58.5667,A2N
The Pas,MB,53.825,-101.2533,R9A R0B
St. Marys,ON,43.2583,-81.1333,N4X
Saint-Remi,QC,45.2667,-73.6167,J0L
Drayton Valley,AB,53.2222,-114.9769,T7A
Ponoka,AB,52.6833,-113.5667,T4J
Southgate,ON,44.1,-80.5833,N0G N0C
Les Cedres,QC,45.3,-74.05,J7T
Baie-Saint-Paul,QC,47.45,-70.5,G3Z
Merritt,BC,50.1128,-120.7897,V1K
Bluewater,ON,43.45,-81.6,N0M
East Zorra-Tavistock,ON,43.2333,-80.7833,N4S N0J N0B
Brownsburg,QC,45.6703,-74.4467,J8G
Asbestos,QC,45.7667,-71.9333,J1T
Otonabee-South Monaghan,ON,44.2333,-78.2333,K9J K0L
Huron-Kinloss,ON,44.05,-81.5333,N2Z N0G
Hampstead,QC,45.4833,-73.6333,H3X
Saint-Joseph-du-Lac,QC,45.5333,-74.0,J0N
Plessisville,QC,46.2167,-71.7833,G6L
The Blue Mountains,ON,44.4833,-80.3833,L9Y N0H
Whitewater Region,ON,45.7167,-76.8333,K0J
Edwardsburgh/Cardinal,ON,44.8333,-75.5,K0E
Sainte-Anne-des-Monts,QC,49.1333,-66.5,G4V
Bay Roberts,NL,47.5847,-53.2783,A0A
Wainfleet,ON,42.925,-79.375,L0S L0R L3B L3K
North Stormont,ON,45.2167,-75.0,K0A K0C
Alnwick/Haldimand,ON,44.0833,-78.0333,K9A K0K
Peace River,AB,56.2339,-117.2897,T8S
Saint-Lambert-de-Lauzon,QC,46.5865,-71.2271,G0S
Arran-Elderslie,ON,44.4,-81.2,N0H N0G
Parry Sound,ON,45.3333,-80.0333,P2A
Val-Shefford,QC,45.35,-72.5667,J2M
West St. Paul,MB,50.0119,-97.115,R4A R2V
Slave Lake,AB,55.2853,-114.7706,T0G
Port-Cartier,QC,50.0333,-66.8667,G5B G0H
Barrington,NS,43.5646,-65.5639,B0W
Rocky Mountain House,AB,52.3753,-114.9217,T4T
Muskoka Falls,ON,45.1264,-79.558,P0C P0B P1L P1P
Cornwall,PE,46.2407,-63.2009,C0A
Saint-Paul,QC,45.9833,-73.45,J0K
Devon,AB,53.3633,-113.7322,T9G
Perth,ON,44.9,-76.25,K7H
Wainwright,AB,52.8333,-110.8667,T9W
Shannon,QC,46.8833,-71.5167,G3S
Saint-Honore,QC,48.5333,-71.0833,G0V
Beaubassin East / Beaubassin-est,NB,46.1726,-64.3122,E4P E4N
Bonnyville,AB,54.2667,-110.75,T9N
Cramahe,ON,44.0833,-77.8833,K0K
Beauceville,QC,46.2,-70.7833,G5X
North Middlesex,ON,43.15,-81.6333,N0M
Beaupre,QC,47.05,-70.9,G0A
Charlemagne,QC,45.7167,-73.4833,J5Z
Kent,BC,49.2833,-121.75,V0M
Clarenville,NL,48.1566,-53.965,A5A
Mont-Joli,QC,48.58,-68.18,G5H
Pointe-Calumet,QC,45.5,-73.97,J0N
Dysart et al,ON,45.2042,-78.4047,K0L K0M
Carbonear,NL,47.7375,-53.2294,A1Y
Hope,BC,49.3858,-121.4419,V0X
Pontiac,QC,45.5833,-76.1333,J0X
L'Ange-Gardien,QC,45.5833,-75.45,J8L
Hindon Hill,ON,44.9333,-78.7333,K0M
La Broquerie,MB,49.3994,-96.5103,R0A
Tweed,ON,44.6,-77.3333,K0K
Oliver Paipoonge,ON,48.39,-89.52,P0T P7G P7J P7K
Saint-Felix-de-Valois,QC,46.17,-73.43,J0K
Melfort,SK,52.8564,-104.61,S0E
Stettler,AB,52.3236,-112.7192,T0C
Niverville,MB,49.6056,-97.0417,R0A
McMasterville,QC,45.55,-73.2333,J3G
Douglas,NB,46.2819,-66.942,E6L E6B E3G
Saint-Calixte,QC,45.95,-73.85,J0K
Lac-Megantic,QC,45.5833,-70.8833,G6B
Humboldt,SK,52.2019,-105.1231,S0K
St. Paul,AB,53.9928,-111.2972,T0A
Saint-Henri,QC,46.7,-71.0667,G0R
Peachland,BC,49.7736,-119.7369,V0H
Vercheres,QC,45.7833,-73.35,J0L
Richelieu,QC,45.45,-73.25,J3L
Petrolia,ON,42.8833,-82.1417,N0N
Southwest Middlesex,ON,42.75,-81.7,N0L
Front of Yonge,ON,44.5333,-75.8667,K0E
Oliver,BC,49.1844,-119.55,V0H
Vegreville,AB,53.4928,-112.0522,T9C
Princeville,QC,46.1667,-71.8833,G6L
Saint-Cesaire,QC,45.4167,-73.0,J0L
Tay Valley,ON,44.8667,-76.3833,K7H K0G K0H
South Bruce,ON,44.0333,-81.2,N0G
Antigonish,NS,45.6167,-61.9833,B2G
Crowsnest Pass,AB,49.5955,-114.5136,T0K
Redcliff,AB,50.0792,-110.7783,T0J
Val-David,QC,46.03,-74.22,J0T
Fernie,BC,49.5042,-115.0628,V0B
Windsor,NS,44.9803,-64.1292,
Notre-Dame-du-Mont-Carmel,QC,46.4833,-72.65,G0X
Sainte-Martine,QC,45.25,-73.8,J0S
Creston,BC,49.09,-116.51,V0B
Saint-Roch-de-l'Achigan,QC,45.85,-73.6,J0K
Sussex,NB,45.7167,-65.5167,E5P E4E
Saint-Pie,QC,45.5,-72.9,J0H
Ashfield-Colborne-Wawanosh,ON,43.8667,-81.6,N0M N0G N7A
Trent Lakes,ON,44.6667,-78.4333,K0L K0M
Northern Rockies,BC,59.0,-123.75,V0C
Gananoque,ON,44.33,-76.17,K7G
Windsor,QC,45.5667,-72.0,J1S
Smithers,BC,54.7819,-127.1681,V0J
Tracadie,NB,47.5143142815185,-64.918859562748,E1X
Meadow Lake,SK,54.1242,-108.4358,S9X
Lanark Highlands,ON,45.088,-76.517,K0A K0G
Sackville,NB,45.9,-64.3667,E4L
Grand Falls,NB,47.0344,-67.7394,E3Z
Armstrong,BC,50.4483,-119.1961,V0E
Cochrane,ON,49.0667,-81.0167,P0L
La Ronge,SK,55.1,-105.3,S0J
Marystown,NL,47.1667,-55.1667,A0E
Sioux Lookout,ON,50.1,-91.9167,P0V P8T
Didsbury,AB,51.6658,-114.1311,T0M
Deer Lake,NL,49.1744,-57.4269,A8A
Woodstock,NB,46.1522,-67.5983,E7M
Flin Flon,SK,54.7667,-101.8778,S0P
Brokenhead,MB,50.1428,-96.5319,R0E
Burton,NB,45.8009,-66.4066,E2V
Montreal-Ouest,QC,45.4536,-73.6472,H4X
Spallumcheen,BC,50.4462,-119.2121,V0E
Westlock,AB,54.1522,-113.8511,T7P
Temiscouata-sur-le-Lac,QC,47.68,-68.88,G0L
Osoyoos,BC,49.0325,-119.4661,V0H
Saint Marys,NB,46.1748,-66.4897,E6C E3A
Hearst,ON,49.6869,-83.6544,P0L
Metchosin,BC,48.3819,-123.5378,V9C
Wolfville,NS,45.0833,-64.3667,B4P
Breslau,ON,43.4816,-80.408,N0B
Stonewall,MB,50.1344,-97.3261,R0C
Memramcook,NB,46.0,-64.55,E4K
Sainte-Anne-de-Bellevue,QC,45.4039,-73.9525,H9X
Stirling-Rawdon,ON,44.3667,-77.5917,K0K
Mont-Orford,QC,45.3661,-72.1838,J1X
Ste. Anne,MB,49.6186,-96.5708,R5H R5G R0A R0E
Espanola,ON,46.25,-81.7667,P5E
West Elgin,ON,42.5833,-81.6667,N0L
Flin Flon (Part),MB,54.7712,-101.8419,R8A
Grand Bay-Westfield,NB,45.3608,-66.2415,E5K
East Ferris,ON,46.2667,-79.3,P0H
Neepawa,MB,50.2289,-99.4656,R0J
North Huron,ON,43.83,-81.42,N0G
Saint-Germain-de-Grantham,QC,45.8333,-72.5667,J0C
Saint-Cyrille-de-Wendover,QC,45.9333,-72.4333,J1Z
Chisasibi,QC,53.6645,-78.7938,J0M
Southwold,ON,42.75,-81.3167,N5P N5L N0L
Chertsey,QC,46.17,-73.92,J0K
Shippagan,NB,47.8557,-64.6012,E8T E8S
Lanoraie,QC,45.9667,-73.2167,J0K
Centre Hastings,ON,44.4167,-77.4417,K0K
Coverdale,NB,46.0003,-64.8859,E1J E4J
Warwick,QC,45.95,-71.9833,J0A
Hanwell,NB,45.8681,-66.7947,E3E E3C E3B
Napierville,QC,45.1833,-73.4,J0J
Waterloo,QC,45.35,-72.5167,J0E
Saint-Joseph-de-Beauce,QC,46.3,-70.8833,G0S
White City,SK,50.4353,-104.3572,S4L
Lucan Biddulph,ON,43.2,-81.3833,N0M
Berthierville,QC,46.0833,-73.1833,J0K
Riviere-Rouge,QC,46.4167,-74.8667,J0T
Greenstone,ON,50.0,-86.7333,P0T
Kindersley,SK,51.4678,-109.1567,S0L
Saint-Denis-de-Brompton,QC,45.45,-72.0833,J0B
Jasper,AB,52.9013,-118.1312,T0E
Barrhead,AB,54.1167,-114.4,T7N
Melville,SK,50.9306,-102.8078,S0A
Amqui,QC,48.4667,-67.4333,G5J
Saint-Mathias-sur-Richelieu,QC,45.4667,-73.2667,J3L
Tyendinaga,ON,44.3,-77.2,K0K
Iroquois Falls,ON,48.7667,-80.6667,P0K
Havelock-Belmont-Methuen,ON,44.5667,-77.9,K0L
Cornwallis,MB,49.7981,-99.8481,R7A R0K
Saint-Boniface,QC,46.5,-72.8167,G0X
Westbank,BC,49.8423,-119.6743,V4T
Edenwold No. 158,SK,50.5166,-104.3451,S0G S4L
Cumberland,BC,49.6206,-125.0261,V0R
Goulds,NL,47.4517,-52.7647,A1S
Vanderhoof,BC,54.0143,-124.0089,V0J
Chateau-Richer,QC,46.9667,-71.0167,G0A
Saint Stephen,NB,45.2,-67.2833,E3L
Nipawin,SK,53.3572,-104.0192,S0E
Battleford,SK,52.7383,-108.3153,S0M
Hampton,NB,45.5251491193206,-65.8425461391407,E5N
Montreal-Est,QC,45.63,-73.52,H1L H1B
Central Frontenac,ON,44.7167,-76.8,K0H
Saint-Antonin,QC,47.7667,-69.4833,G0L
Saint-Jean-de-Matha,QC,46.23,-73.53,J0K
Headingley,MB,49.8681,-97.3908,R4H R4J
Seguin,ON,45.2882,-79.8116,P0C P2A
Beresford,NB,47.6992725956168,-65.705074842192,E8K
La Pocatiere,QC,47.3667,-70.0333,G0R
Bowen Island,BC,49.3833,-123.3833,V0N
Caraquet,NB,47.7853,-64.9592,E1W
Altona,MB,49.1044,-97.5625,R0G
Roxton Pond,QC,45.4833,-72.6667,J0E
Saint-Etienne-des-Gres,QC,46.4333,-72.7667,G0X
Grand Forks,BC,49.0333,-118.44,V0H
New Maryland,NB,45.8911,-66.6847,E3C
Port Hardy,BC,50.7225,-127.4928,V0N
Saint-Donat,QC,46.3167,-74.2167,J0T
Madawaska Valley,ON,45.5,-77.6667,K0J
Deep River,ON,46.1,-77.4917,K0J
Asphodel-Norwood,ON,44.3531,-78.0183,K0L
Red Lake,ON,51.0333,-93.8333,P0V
Metabetchouan-Lac-a-la-Croix,QC,48.4333,-71.8667,G8G
Maniwaki,QC,46.375,-75.9667,J9E
Vermilion,AB,53.3542,-110.8528,T9X
Hastings Highlands,ON,45.2333,-77.9333,K0L
Prescott,ON,44.7167,-75.5167,K0E
Carstairs,AB,51.5619,-114.0953,T0M
Danville,QC,45.7833,-72.0167,J0A J1T
Channel-Port aux Basques,NL,47.5694,-59.1361,A0M
Lac-Etchemin,QC,46.4,-70.5,G0R
Saint-Jacques,QC,45.95,-73.5667,J0K
Swan River,MB,52.1058,-101.2667,R0L
Stellarton,NS,45.5567,-62.66,B0K
Northern Bruce Peninsula,ON,45.08,-81.38,N0H
L'Islet-sur-Mer,QC,47.1,-70.35,G0R
Carleton-sur-Mer,QC,48.1,-66.1333,G0C
Sparwood,BC,49.7331,-114.8853,V0B
Casselman,ON,45.3,-75.0833,K0A
Oka,QC,45.47,-74.08,J0N
Callander,ON,46.1781,-79.4125,P0H
Amaranth,ON,43.9833,-80.2333,L9V L9W
Marmora and Lake,ON,44.6425,-77.7372,K0K K0L
Raymond,AB,49.4658,-112.6508,T0K
Morin-Heights,QC,45.9,-74.25,J0R
Dundas,NB,46.3155,-64.6947,E4R E4V
Simonds,NB,45.3145,-65.803,E2S
Crabtree,QC,45.9667,-73.4667,J0K
Bancroft,ON,45.05,-77.85,K0L
Saint-Tite,QC,46.7333,-72.5667,G0X
Howick,ON,43.9,-81.07,N0G
Dutton/Dunwich,ON,42.6667,-81.5,N0L
New Richmond,QC,48.1667,-65.8667,G0C
Perth South,ON,43.3,-81.15,N4X N5A N0K
Claresholm,AB,50.0194,-113.5783,T0L
Baie-d'Urfe,QC,45.4167,-73.9167,H9X
Montague,ON,44.9667,-75.9667,K7A K0G
Saint-Andre-Avellin,QC,45.7167,-75.0667,J0V
Saint-Ambroise-de-Kildare,QC,46.0833,-73.55,J0K
East Angus,QC,45.4833,-71.6667,J0B
Rossland,BC,49.0786,-117.7992,V0G
Mackenzie,BC,55.3381,-123.0944,V0J
Golden,BC,51.3019,-116.9667,V0A
Saint-Adolphe-d'Howard,QC,45.97,-74.33,J0T
Warwick,ON,43.0,-81.8917,N0M N0N
Bonnechere Valley,ON,45.5333,-77.1,K0J
Pincher Creek,AB,49.4861,-113.95,T0K
Alnwick,NB,47.2656,-65.2292,E1V E9G E9H
Saint-Prosper,QC,46.2167,-70.4833,G0M
Crossfield,AB,51.4333,-114.0333,T0M
Ormstown,QC,45.13,-74.0,J0S
Cardston,AB,49.2025,-113.3019,T0K
De Salaberry,MB,49.4403,-96.9844,R0A
Grande Cache,AB,53.8773,-119.1199,
Saint-Agapit,QC,46.5667,-71.4333,G0S
Fruitvale,BC,49.0986937703863,-117.563382142451,V0G
Saint-Ambroise,QC,48.55,-71.3333,G7P
Westville,NS,45.55,-62.7,B0K
Hay River,NT,60.7531,-115.9004,X0E
Pasadena,NL,49.0161,-57.605,A0L
Mistissini,QC,50.5707,-73.6829,G0W J0Y
Studholm,NB,45.8133,-65.5747,E5P E4G
Lorette,MB,49.7414,-96.8761,R5K
Saint-Faustin--Lac-Carre,QC,46.0813,-74.4668,J0T
Morris-Turnberry,ON,43.85,-81.25,N0G
Placentia,NL,47.2458,-53.9611,A0B
Saint-Pascal,QC,47.5333,-69.8,G0L
Mulmur,ON,44.1917,-80.1083,L9V
Blind River,ON,46.1833,-82.95,P0R
Dunham,QC,45.1333,-72.8,J0E
High Level,AB,58.5169,-117.1361,T0H
Havre-Saint-Pierre,QC,50.2333,-63.6,G0G
Saint-Anselme,QC,46.6333,-70.9667,G0R
Trois-Pistoles,QC,48.12,-69.18,G0L
Grande-Riviere,QC,48.4,-64.5,G0C
Malartic,QC,48.1333,-78.1333,J0Y
Bonavista,NL,48.6597,-53.1208,A0C
Prince Albert No. 461,SK,53.1089,-105.6574,S6V
Saint-Maurice,QC,46.4667,-72.5333,G0X
Killarney - Turtle Mountain,MB,49.1775,-99.6906,R0K
Woodlands,MB,50.2408,-97.7358,R0C
Lewisporte,NL,49.23,-55.07,A0G
Invermere,BC,50.5083,-116.0303,V0A
Bifrost-Riverton,MB,51.0603,-97.1436,R0C
Ascot Corner,QC,45.45,-71.7667,J0B
Cartier,MB,49.9161,-97.7,R4K R0H
Fossambault-sur-le-Lac,QC,46.8667,-71.6167,G3N
Sainte-Anne-des-Lacs,QC,45.85,-74.1333,J0R
Saint-Sulpice,QC,45.8333,-73.35,J5W
Penhold,AB,52.1333,-113.8667,T0M
Powassan,ON,46.0825,-79.3619,P0H
Highlands East,ON,44.9667,-78.25,K0L K0M
Saint-Alphonse-de-Granby,QC,45.3333,-72.8167,J0E
Sainte-Claire,QC,46.6,-70.8667,G0R
Bright,NB,46.1205,-67.0545,E6L E6E
Ellison,BC,49.9646,-119.3178,V1X V1P
Perce,QC,48.5333,-64.2167,G0C
Saint-Jean-Port-Joli,QC,47.2167,-70.2667,G0R
East Hawkesbury,ON,45.5167,-74.4667,K6A K0B
Buckland No. 491,SK,53.3276,-105.7804,S0J S6V
Saint-Andre-d'Argenteuil,QC,45.5667,-74.3333,J0V
Saint-Come--Liniere,QC,46.0667,-70.5167,G0M
Marathon,ON,48.75,-86.3667,P0T
Forestville,QC,48.7333,-69.0833,G0T
Compton,QC,45.2333,-71.8167,J0B
Shuniah,ON,48.5833,-88.8333,P0T P7A
Inuvik,NT,68.3407,-133.6096,X0E
Richmond,QC,45.6667,-72.15,J0B
Lake Cowichan,BC,48.8258,-124.0542,V0R
Saint-Gabriel-de-Valcartier,QC,46.9333,-71.4667,G0A G3S
Gibbons,AB,53.8278,-113.3228,T0A
Sables-Spanish Rivers,ON,46.2333,-82.0,P0P
Hillsburg-Roblin-Shell River,MB,51.3343,-101.2929,R0L
Port Hawkesbury,NS,45.6153,-61.3642,B9A
Three Hills,AB,51.7072,-113.2647,T0M
Kingston,NB,45.4663,-66.0217,E5N E5S
Paspebiac,QC,48.0333,-65.25,G0C
Saint-Thomas,QC,46.0167,-73.35,J0K
Saint-Jean-Baptiste,QC,45.5167,-73.1167,J0L
Portneuf,QC,46.7,-71.8833,G0A
Pictou,NS,45.6814,-62.7119,B0K
Tisdale,SK,52.85,-104.05,S0E
Lake of Bays,ON,45.3043,-79.018,P0B P0A P1H
Bishops Falls,NL,49.0167,-55.5167,A0H
WestLake-Gladstone,MB,50.2862,-98.8415,R0H R0J
Normandin,QC,48.8333,-72.5333,G8M
Mitchell,MB,49.5363,-96.7634,R5G
Saint-Alphonse-Rodriguez,QC,46.1833,-73.7,J0K
Beausejour,MB,50.0622,-96.5161,R0E
Dalhousie,NB,48.1,-66.6167,E8C
Val-Morin,QC,46.0,-74.18,J0T
Lac du Bonnet,MB,50.2577,-96.1209,R0E
Clermont,QC,47.6833,-70.2333,G4A
Virden,MB,49.8508,-100.9317,R0M
Saint-Christophe-d'Arthabaska,QC,46.0333,-71.8833,G6R G6S
Mont-Saint-Gregoire,QC,45.3333,-73.1667,J0J
Thurso,QC,45.5969,-75.2433,J0X
Wellington,NB,46.4768,-64.7478,E4S E4V
Cedar,BC,49.0853,-123.8259,V9X
Saint-Gabriel,QC,46.3,-73.3833,J0K
Merrickville,ON,44.8539,-75.8269,K0G
Saint-Liboire,QC,45.65,-72.7667,J0H
Degelis,QC,47.55,-68.65,G5T
Morris,MB,49.3986,-97.4592,R0G
Saint-Alexis-des-Monts,QC,46.4667,-73.1333,J0K
Cap-Saint-Ignace,QC,47.0333,-70.4667,G0R
Fort Macleod,AB,49.7256,-113.3975,T0L
Enderby,BC,50.5508,-119.1397,V0E
Carman,MB,49.4992,-98.0008,R0G
Saint-Anaclet-de-Lessard,QC,48.48,-68.42,G0K
Stoke,QC,45.5333,-71.8,J0B
Adelaide-Metcalfe,ON,42.95,-81.7,N0M N7G
Melancthon,ON,44.15,-80.2667,L9V
Cap Sante,QC,46.6667,-71.7833,G0A
Saint-David-de-Falardeau,QC,48.6167,-71.1167,G0V
Harbour Grace,NL,47.6917,-53.2167,A0A
Houston,BC,54.3975,-126.6419,V0J
Springdale,NL,49.4974,-56.0727,A0J
Pemberton,BC,50.3203,-122.8053,V0N
Athabasca,AB,54.7197,-113.2856,T9S
Saint-Ferreol-les-Neiges,QC,47.1167,-70.85,G0A
Laurentian Hills,ON,46.1333,-77.55,K0J
Grand Valley,ON,43.95,-80.3667,L9W
Senneterre,QC,48.3833,-77.2333,J0Y
Saint-Mathieu-de-Beloeil,QC,45.5667,-73.2,J3G
Sainte-Marie-Madeleine,QC,45.6,-73.1,J0H
Admaston/Bromley,ON,45.5292,-76.8969,K7V K0J
North Algona Wilberforce,ON,45.6167,-77.2,K8A K0J
Errington,BC,49.2874,-124.3433,V0R V9P
Wawa,ON,47.9931,-84.7736,P0S
Sainte-Melanie,QC,46.1333,-73.5167,J0K
Horton,ON,45.5,-76.6667,K7V
Saint-Paul-d'Abbotsford,QC,45.4333,-72.8833,J0E
Saint-Michel,QC,45.2333,-73.5667,J0L
Botwood,NL,49.15,-55.3667,A0H
Coalhurst,AB,49.7457,-112.9319,T0L
Saint-Marc-des-Carrieres,QC,46.6833,-72.05,G0A
Stanstead,QC,45.0167,-72.1,J0B
Sainte-Anne-de-Beaupre,QC,47.0167,-70.9333,G0A
Sainte-Luce,QC,48.55,-68.38,G0K
Saint-Joseph-de-Sorel,QC,46.0446,-73.1308,J3R
Rankin Inlet,NU,62.83,-92.1321,X0C
Kingsclear,NB,45.8796,-66.8695,E3E
Princeton,BC,49.4589,-120.506,V0X
La Loche,SK,56.4833,-109.4333,S0M
Ferme-Neuve,QC,46.7,-75.45,J0W
Yamachiche,QC,46.2667,-72.8333,G0X
Adstock,QC,46.05,-71.08,G0N
Cowichan Bay,BC,48.7666,-123.6743,V9L
Vanscoy No. 345,SK,52.0073,-107.0552,S0K S0L S7K
Enniskillen,ON,42.8167,-82.125,N0N
Royston,BC,49.6405,-124.9406,V9N
Bonaventure,QC,48.05,-65.4833,G0C
Pohenegamook,QC,47.4667,-69.2167,G0L
Saint-Isidore,QC,45.3,-73.68,J0L
Wakefield,NB,46.2406,-67.6248,E7M E7P
Arviat,NU,61.0996,-94.1688,X0C
Sainte-Marguerite-du-Lac-Masson,QC,46.056,-74.0723,J0T
Saint-Prime,QC,48.58,-72.33,G8J
Kuujjuaq,QC,58.1429,-68.3742,J0M
Atikokan,ON,48.75,-91.6167,P0T
Grenville-sur-la-Rouge,QC,45.65,-74.6333,J0V
North Cypress-Langford,MB,49.9969,-99.3982,R0K R0J
Saint-Dominique,QC,45.5667,-72.85,J0H
Macamic,QC,48.75,-79.0,J0Z
Sainte-Anne-de-Sorel,QC,46.05,-73.0667,J3P
Sundre,AB,51.7972,-114.6406,T0M
Rougemont,QC,45.4333,-73.05,J0L
Piedmont,QC,45.9,-74.13,J0R
Grimshaw,AB,56.1908,-117.6117,T0H
Lac-des-Ecorces,QC,46.55,-75.35,J0W
Markstay,ON,46.4912,-80.4717,P0H P0M
Northeastern Manitoulin and the Islands,ON,45.9667,-81.9333,P0P
Pelican Narrows,SK,55.1883,-102.9342,S0P S0J
McDougall,ON,45.45,-80.0167,P2A
Black Diamond,AB,50.6881,-114.2333,T0L
Saint-Pamphile,QC,46.9667,-69.7833,G0R
Bedford,QC,45.1167,-72.9833,J0J
Weedon-Centre,QC,45.7,-71.4667,J0B
Lacolle,QC,45.0833,-73.3667,J0J
Saint-Gabriel-de-Brandon,QC,46.2667,-73.3833,J0K
Huntingdon,QC,45.08,-74.17,J0S
French River / Riviere des Francais,ON,46.1667,-80.5,P0M
Spaniards Bay,NL,47.6181,-53.3369,A0A
Cocagne,NB,46.3406,-64.62,E4R
Pilot Butte,SK,50.4667,-104.4167,S0G
Saint-Bruno,QC,48.4667,-71.65,G0W
Laurier-Station,QC,46.5333,-71.6333,G0S
Saint-Anicet,QC,45.12,-74.35,J0S
Cap-Chat,QC,49.1,-66.6833,G0J
Sexsmith,AB,55.3508,-118.7825,T0H
Notre-Dame-de-Lourdes,QC,46.1,-73.4333,J0K
Ville-Marie,QC,47.3333,-79.4333,J9V
Wickham,QC,45.75,-72.5,J0C
Shippegan,NB,47.7439,-64.7178,E8S
East Garafraxa,ON,43.85,-80.25,L9W
Unity,SK,52.4333,-109.1667,S0K
Rimbey,AB,52.6333,-114.2167,T0C
High Prairie,AB,55.4325,-116.4861,T0G
Turner Valley,AB,50.6739,-114.2786,T0L
Hanna,AB,51.6383,-111.9419,T0J
Neuville,QC,46.7,-71.5833,G0A
Fort Smith,NT,60.026,-112.0821,X0E
Maria,QC,48.1667,-65.9833,G0C
Saint-Chrysostome,QC,45.1,-73.7667,J0S
Greater Madawaska,ON,45.2722,-76.8589,K7V K0J
Berwick,NS,45.0475,-64.736,B0P
Saint-Damase,QC,45.5333,-73.0,J0H
Disraeli,QC,45.9,-71.35,G0N
Meadow Lake No. 588,SK,54.1213,-108.2837,S0M S9X
Elkford,BC,50.0214,-114.9158,V0B
Georgian Bay,ON,44.9833,-79.8167,L0K
Saint-Alexandre,QC,45.2333,-73.1167,J0J
Herbertville,QC,48.3473,-71.6784,G8N
Moosomin,SK,50.142,-101.67,S0G
Highlands,BC,48.52,-123.5,V9B V9E
North Kawartha,ON,44.75,-78.1,K0L
Sainte-Thecle,QC,46.8167,-72.5,G0X
Fermont,QC,52.7833,-67.0833,G0G
Esterhazy,SK,50.65,-102.0667,S0A
Holyrood,NL,47.3833,-53.1333,A0A
La Presentation,QC,45.6667,-73.05,J0H
Beaverlodge,AB,55.2094,-119.4292,T0H
Sainte-Catherine-de-Hatley,QC,45.25,-72.05,J0B
Saint-Basile,QC,46.75,-71.8167,G0A
Saint-Raphael,QC,46.8,-70.75,G0R
Saint-Martin,QC,45.9667,-70.65,G0M
Causapscal,QC,48.3667,-67.2333,G0J
Brigham,QC,45.25,-72.85,J2K
Sainte-Victoire-de-Sorel,QC,45.95,-73.0833,J0G
Perry,ON,45.5,-79.2833,P0A
Port-Daniel--Gascons,QC,48.1833,-64.9667,G0C
Rosetown,SK,51.55,-107.9833,S0L
Minnedosa,MB,50.2453,-99.8428,R0J
Labelle,QC,46.2833,-74.7333,J0T
Lincoln,NB,45.8716,-66.5437,E3B
Black River-Matheson,ON,48.5333,-80.4667,P0K
Saint-Michel-des-Saints,QC,46.6833,-73.9167,J0K
Dufferin,MB,49.5319,-98.07,R0G
Saint-Victor,QC,46.15,-70.9,G0M
Sicamous,BC,50.8378,-118.9703,V0E
Cap Pele,NB,46.2172,-64.2822,E4N
Kelsey,MB,53.7356,-101.395,R9A R0B
"Killaloe, Hagarty and Richards",ON,45.6,-77.5,K0J
Alvinston,ON,42.8489,-81.9049,N0N
Trenton,NS,45.6193,-62.6332,B0K
Lunenburg,NS,44.3833,-64.3167,B0J
Saint-Ephrem-de-Beauce,QC,46.0516,-70.9374,G0M
Chase,BC,50.8189,-119.6844,V0E
Lery,QC,45.35,-73.8,J6N
Assiniboia,SK,49.6167,-105.9833,S0H
Tumbler Ridge,BC,55.1333,-121.0,V0C
Salisbury,NB,46.0377884219739,-65.0479059884912,E4J
Temiscaming,QC,46.7167,-79.1,J0Z
Magrath,AB,49.4239,-112.8683,T0K
Sainte-Genevieve-de-Berthier,QC,46.0833,-73.2167,J0K
Logy Bay-Middle Cove-Outer Cove,NL,47.63,-52.68,A1K
Buctouche,NB,46.4719,-64.7249,E4S
Grand Manan,NB,44.69,-66.82,E5G
Sainte-Madeleine,QC,45.6,-73.1,J0H
Anmore,BC,49.3144,-122.8564,V3H
Sainte-Croix,QC,46.62,-71.73,G0S
Algonquin Highlands,ON,45.4,-78.75,K0M
Valcourt,QC,45.5,-72.3167,J0E
Gimli,MB,50.6330912150395,-96.9923294282923,R0C
Saint George,NB,45.2916,-66.8501,E5C
Saint-Mathieu,QC,45.3167,-73.5164,J0L
Paquetville,NB,47.6334,-65.1803,E8R
Clearwater,BC,51.65,-120.0333,V0E
Addington Highlands,ON,45.0,-77.25,K0H
Lillooet,BC,50.6864,-121.9364,V0K
Burin,NL,47.05,-55.18,A0E
Grand Bank,NL,47.1,-55.7833,A0E
Waterville,QC,45.2667,-71.9,J0B
Minto,NB,46.1497,-66.1067,E4B
Rosthern No. 403,SK,52.6206,-106.3967,S0K
Mansfield-et-Pontefract,QC,45.8611,-76.7392,J0X
Saint-Denis,QC,45.7833,-73.15,J0H
Gore,QC,45.77,-74.25,J0V
Outlook,SK,51.5,-107.05,S0L
Saint-Gedeon-de-Beauce,QC,45.85,-70.6333,G0M
Saint-Leonard-d'Aston,QC,46.1,-72.3667,J0C
Fort-Coulonge,QC,45.85,-76.7333,J0X
Albanel,QC,48.8833,-72.45,G8M
St. Anthony,NL,51.3725,-55.5947,A0K
Pessamit,QC,49.0485,-68.6814,G0H
Logan Lake,BC,50.4911,-120.8153,V0K
Maskinonge,QC,46.2333,-73.0167,J0K
Saint-Charles-de-Bellechasse,QC,46.7667,-70.95,G0R
Fogo Island,NL,49.6667,-54.1833,A0G
Neebing,ON,48.1833,-89.4667,P7L
Port McNeill,BC,50.5903,-127.0847,V0N
Hatley,QC,45.27,-71.95,J0B
East Broughton,QC,46.2167,-71.0667,G0N
Saint-Polycarpe,QC,45.3,-74.3,J0P
Deschambault,QC,46.6436,-72.0236,G0A
Canora,SK,51.6339,-102.4369,S0A
Upper Miramichi,NB,46.5254,-66.2085,E9C E6A
Tofino,BC,49.1275,-125.8852,V0R
Hardwicke,NB,47.0208,-65.0302,E1N E9A
Wendake,QC,46.8693,-71.3628,G0A
Saint-Come,QC,46.27,-73.78,J0K
Waskaganish,QC,51.3674,-78.7069,J0M J0Y
Twillingate,NL,49.6444,-54.7436,A0G
Saint-Quentin,NB,47.5135,-67.3921,E8A
Lebel-sur-Quevillon,QC,49.05,-76.9833,J0Y
Calmar,AB,53.25,-113.7833,T0C
Nanton,AB,50.3494,-113.7717,T0L
Pierreville,QC,46.0667,-72.8167,J0G
New-Wes-Valley,NL,49.15,-53.5833,A0G
Pennfield Ridge,NB,45.1924,-66.6858,E5H
Northesk,NB,47.2569,-66.2613,E1V E9E
West Interlake,MB,50.9837,-98.3572,R0C
Biggar,SK,52.059,-107.979,S0K
Kent,NB,46.6221,-67.2953,E7J
Maple Creek,SK,49.9167,-109.4667,S0N
Wabana,NL,47.65,-52.9333,A0A
Bonfield,ON,46.2167,-79.1333,P0H
Saint-Gilles,QC,46.5167,-71.3667,G0S
Saint-Bernard,QC,46.5,-71.1333,G0S
Sainte-Cecile-de-Milton,QC,45.4833,-72.75,J0E
Saint-Roch-de-Richelieu,QC,45.8833,-73.1667,J0L
Burns Lake,BC,54.2292,-125.7625,V0J
Redwater,AB,53.9489,-113.1067,T0A
Saint-Nazaire,QC,48.5833,-71.5333,G0W
Westfield Beach,NB,45.3432,-66.2868,E5K E5S
Saltair,BC,48.9504,-123.7637,V0R V9G
Saint-Elzear,QC,46.4,-71.0667,G0S
Hinchinbrooke,QC,45.05,-74.1,J0S
Dundurn No. 314,SK,51.8261,-106.5416,S0K S7C
Saint-Francois-Xavier-de-Brompton,QC,45.5333,-72.05,J0B
Papineauville,QC,45.6167,-75.0167,J0V
Prairie View,MB,50.3304,-100.9803,R0J R0M
Saint-Ignace-de-Loyola,QC,46.0667,-73.1333,J0K
Central Manitoulin,ON,45.7167,-82.2,P0P
Glovertown,NL,48.6667,-54.05,A0G
Tofield,AB,53.3703,-112.6667,T0B
Madoc,ON,44.5833,-77.5167,K0K
Sainte-Anne-de-Sabrevois,QC,45.2,-73.2167,J0J
Sainte-Anne-de-la-Perade,QC,46.5833,-72.2,G0X
Saint-Damien-de-Buckland,QC,46.6333,-70.6667,G0R
Baker Lake,NU,64.3287,-96.0308,X0C
Saint-Ferdinand,QC,46.1,-71.5667,G0N
Pouch Cove,NL,47.767,-52.767,A0A
Britannia No. 502,SK,53.4236,-109.7772,S9V
Saint-Fulgence,QC,48.45,-70.9,G0V
Digby,NS,44.6222,-65.7606,B0V
Manouane,QC,47.2091,-74.3833,J0K
Saint-Gervais,QC,46.7167,-70.8833,G0R
Saint-Alexandre-de-Kamouraska,QC,47.6817,-69.625,G0L
Saint-Marc-sur-Richelieu,QC,45.6833,-73.2,J0L
Mandeville,QC,46.3667,-73.35,J0K
Caplan,QC,48.1,-65.6833,G0C
Allardville,NB,47.4321,-65.4383,E8L
Saint-Damien,QC,46.33,-73.48,J0K
Lac-Nominingue,QC,46.4,-75.0333,J0W
Obedjiwan,QC,48.6686,-74.9289,G0W
Rama,SK,51.7578,-103.0008,S0A
Deloraine-Winchester,MB,49.1775,-100.4322,R0M
Oakland-Wawanesa,MB,49.6208,-99.8481,R0K
Brenda-Waskada,MB,49.1775,-100.7019,R0M
Russell-Binscarth,MB,50.7272,-101.3689,R0J
Ellice-Archie,MB,50.3239,-101.2729,R0M
Souris-Glenwood,MB,49.6208,-100.2581,R0K
Riverdale,MB,49.975,-100.2789,R0K
Pembina,MB,49.1775,-98.5408,R0G
Wallace-Woodworth,MB,49.9156,-100.9389,R0M
Lorne,MB,49.4436,-98.7494,R0G R0K
Yellowhead,MB,50.4847,-100.4828,R0J
Swan Valley West,MB,51.9978,-101.3944,R0L
Grey,MB,49.7094,-98.0736,R0G
Gilbert Plains,MB,51.1547,-100.4381,R0L
Norfolk-Treherne,MB,49.6653,-98.5967,R0G
Emerson-Franklin,MB,49.1333,-97.0331,R0A
Sifton,MB,49.6653,-100.6678,R0M
Grassland,MB,49.4306,-100.3103,R0K R0M
Louise,MB,49.1772,-98.8794,R0G R0K
Ste. Rose,MB,51.0222,-99.4306,R0J R0L
Cartwright-Roblin,MB,49.1331,-99.2797,R0K
Mossey River,MB,51.755,-99.9664,R0L
Lakeshore,MB,51.244,-99.6562,R0L
Riding Mountain West,MB,50.8347,-101.0961,R0J
Clanwilliam-Erickson,MB,50.5061,-99.8156,R0J
Glenboro-South Cypress,MB,49.665,-99.3708,R0K
North Norfolk,MB,49.9308,-98.8356,R0H
Reinland,MB,49.1331,-97.5942,R0G
Minitonas-Bowsman,MB,52.1433,-100.9772,R0L
Kippens,NL,48.5492,-58.6236,A2N
Saint-Gedeon,QC,48.5,-71.7667,G0W
Lumby,BC,50.2494,-118.9656,V0E
Kingsey Falls,QC,45.85,-72.0667,J0A
Provost,AB,52.3539,-110.2686,T0B
Saint-Charles,NB,46.6692,-65.0184,E4W
Swift Current No. 137,SK,50.2211,-107.8559,S0N S9H
Mattawa,ON,46.3167,-78.7,P0H
Blucher,SK,52.0134,-106.2176,S0K S7B
L'Ascension-de-Notre-Seigneur,QC,48.7,-71.6833,G0W
Bow Island,AB,49.8667,-111.3667,T0K
Barraute,QC,48.4333,-77.6333,J0Y
One Hundred Mile House,BC,51.6413,-121.3127,V0K
Saint-Liguori,QC,46.0167,-73.5667,J0K
Saint Mary,NB,46.3987,-64.8681,E4S
Saint-Patrice-de-Sherrington,QC,45.1667,-73.5167,J0L
Fox Creek,AB,54.395,-116.8092,T0H
Lumsden No. 189,SK,50.6734,-104.7686,S0G
Dawn-Euphemia,ON,42.7,-82.0167,N0P
Chapleau,ON,47.8333,-83.4,P0M
Saint-Esprit,QC,45.9,-73.6667,J0K
Montague,PE,46.1652,-62.65,
Mashteuiatsh,QC,48.569,-72.2495,G0W
Saint-Francois-du-Lac,QC,46.0667,-72.8333,J0G
Petit Rocher,NB,47.7839,-65.7159,E8J
Eel River Crossing,NB,48.0125,-66.4208,E8E
Millet,AB,53.0978,-113.4728,T0C
Ucluelet,BC,48.9358,-125.5433,V0R
Vallee-Jonction,QC,46.3667,-70.9167,G0S
Manitouwadge,ON,49.1333,-85.8333,P0T
Wellington,ON,43.9579,-77.3534,
Frontenac Islands,ON,44.2,-76.3833,K7G K0H
Point Edward,ON,42.9931,-82.4083,N7T N7V
Picture Butte,AB,49.8731,-112.78,T0K
Manners Sutton,NB,45.6417,-67.0609,E6K
Fort Qu'Appelle,SK,50.7667,-103.7833,S0G
Vulcan,AB,50.4,-113.25,T0L
Chetwynd,BC,55.6972,-121.6333,V0C
Indian Head,SK,50.5333,-103.6667,S0G
Wabush,NL,52.9081,-66.869,A0R
Saint-Fabien,QC,48.3,-68.87,G0L
Harrison Hot Springs,BC,49.3,-121.7819,V0M
Watrous,SK,51.6841,-105.4661,S0K
North Frontenac,ON,44.95,-76.9,K0H
Lac-Superieur,QC,46.2,-74.4667,J0T
Les Escoumins,QC,48.35,-69.4,G0T
Richibucto,NB,46.6189,-64.8385,E4W
Terrasse-Vaudreuil,QC,45.4,-73.9833,J7V
Riviere-Beaudette,QC,45.2333,-74.3333,J0P
Orkney No. 244,SK,51.2557,-102.6469,S3N
Saint-Barthelemy,QC,46.1833,-73.1333,J0K
Komoka,ON,42.958,-81.4001,N0L
Nisga'a,BC,55.1078,-129.4293,V0J
Austin,QC,45.1833,-72.2833,J0B
Saint-Paul-de-l'Ile-aux-Noix,QC,45.1333,-73.2833,J0J
Behchoko,NT,62.8184,-115.9933,X0E
Saint-Cyprien-de-Napierville,QC,45.1833,-73.4167,J0J
Valleyview,AB,55.0686,-117.2683,T0H
Deleage,QC,46.3833,-75.9167,J9E
Potton,QC,45.0833,-72.3667,J0E
Sainte-Beatrix,QC,46.2,-73.6167,J0K
Saint-Georges-de-Cacouna,QC,47.9167,-69.5,G0L
Lakeview,BC,49.9026,-119.5699,V1Z
Sainte-Justine,QC,46.4,-70.35,G0R
Saint-Valerien-de-Milton,QC,45.5667,-72.7167,J0H
Saint-Cuthbert,QC,46.15,-73.2333,J0K
Saint-Blaise-sur-Richelieu,QC,45.2167,-73.2833,J0J
Middleton,NS,44.9418,-65.0686,B0S
Kamsack,SK,51.565,-101.8947,S0A
Carberry,MB,49.8689,-99.3594,R0K
Saint-Joseph-de-Coleraine,QC,45.97,-71.37,G0N
Trinity Bay North,NL,48.4978,-53.086,A0C
Pointe-Lebel,QC,49.1667,-68.2,G0H
Grenville,QC,45.6333,-74.6,J0V
Saint-Michel-de-Bellechasse,QC,46.8667,-70.9167,G0R
Sainte-Angele-de-Monnoir,QC,45.3833,-73.1,J0L
Champlain,QC,46.45,-72.35,G0X
Sacre-Coeur-Saguenay,QC,48.2479,-69.854,G0T
Saint-Louis,NB,46.7048,-65.1046,E4X
Saint-Lucien,QC,45.8667,-72.2667,J0C
Victoria,NL,47.7675,-53.2411,A0A
Lumsden,SK,50.6463,-104.8676,S0G
Saint-Robert,QC,45.9667,-73.0,J0G
Armstrong,MB,50.64,-97.495,R0C
Keremeos,BC,49.2025,-119.8294,V0X
Regina Beach,SK,50.79,-104.99,S0G
La Guadeloupe,QC,45.95,-70.93,G0M
Sutton,QC,45.1037248954726,-72.6180936643302,J0E
Saint Andrews,NB,45.074,-67.0521,E5B
Saint-Placide,QC,45.5333,-74.2,J0V
Grunthal,MB,49.4065,-96.8603,R0A
Povungnituk,QC,60.0477,-77.2751,J0M
Pointe-des-Cascades,QC,45.3333,-73.9667,J0P
Deseronto,ON,44.2,-77.05,K0K
Lamont,AB,53.7603,-112.7778,T0B
Chambord,QC,48.4333,-72.0667,G0W
Maugerville,NB,46.1301,-66.2859,E3A
Dudswell,QC,45.5833,-71.5833,J0B
Nipissing,ON,46.05,-79.55,P0H
Shaunavon,SK,49.651,-108.412,S0N
Wynyard,SK,51.7667,-104.1833,S0A
Cambridge Bay,NU,69.1528,-105.1707,X0B
Dalmeny,SK,52.3411,-106.7733,S0K
Saint-Narcisse,QC,46.5667,-72.4667,G0X
Waswanipi,QC,49.7883,-75.9544,J0Y
Inukjuak,QC,58.4824,-78.1309,J0M
Balgonie,SK,50.488,-104.269,S0G
Piney,MB,49.2069,-95.8333,R0A
Warfield,BC,49.0953,-117.7344,V1R
Saint-Zacharie,QC,46.1333,-70.3667,G0M
Hemmingford,QC,45.0833,-73.5833,J0L
Saint-Pierre-de-l'Ile-d'Orleans,QC,46.8833,-71.0667,G0A
Kensington,PE,46.4333,-63.65,C0B
Shelburne,NS,43.7633,-65.3236,B0T
Saint-Clet,QC,45.35,-74.22,J0P
Blumenort,MB,49.6033,-96.7006,R0A
Brighton,NB,46.3316,-67.3585,E7L E7P
Saint-Antoine,NB,46.3629,-64.753,E4V
Northampton,NB,46.1313,-67.4713,E7N
Flat Rock,NL,47.7086,-52.7144,A1K
Saint-Ours,QC,45.8833,-73.15,J0G
Stephenville Crossing,NL,48.5167,-58.4167,A0N
Sainte-Anne-de-la-Pocatiere,QC,47.35,-70.0,G0R
Popkum,BC,49.1911,-121.7553,V0X
Notre-Dame-du-Bon-Conseil,QC,46.0,-72.35,J0C
Fisher,MB,51.0825,-97.6611,R0C
Sainte-Clotilde,QC,45.15,-73.6833,J0L
Lantz,NS,44.9894,-63.4736,B2S
Wicklow,NB,46.5017,-67.7067,E7K E7L
Nouvelle,QC,48.1333,-66.3167,G0C
Wasagamack,MB,53.9056,-94.9412,R0B
Rosthern,SK,52.65,-106.3333,S0K
Yamaska,QC,46.0236,-72.9391,J0G
Neguac,NB,47.2333,-65.05,E9G
Saint-Antoine-de-Tilly,QC,46.6667,-71.5833,G0S
Igloolik,NU,69.3817,-81.6811,X0A
Whitehead,MB,49.7981,-100.2575,R7A R0K
Saint-Elie-de-Caxton,QC,46.4833,-72.9667,G0X
Balmoral,NB,47.9667,-66.45,E8E
Price,QC,48.6017,-68.1227,G0J
Rosedale,MB,50.4397,-99.5389,R0J
Saint-Jacques-le-Mineur,QC,45.2833,-73.4167,J0J
Coombs,BC,49.3008,-124.4049,V0R
Val-Joli,QC,45.6,-71.97,J1S
Southesk,NB,46.9901,-66.4336,E9E
Huron Shores,ON,46.2833,-83.2,P0R
Saint-Antoine-sur-Richelieu,QC,45.7833,-73.1833,J0L
Saint-Pacome,QC,47.4,-69.95,G0L
Saint-Stanislas-de-Kostka,QC,45.18,-74.13,J0S
Saint-Jacques,NB,47.5634,-68.3693,E7B
Frontenac,QC,45.58,-70.83,G6B
Stuartburn,MB,49.1331,-96.5158,R0A
Sainte-Emelie-de-l'Energie,QC,46.3167,-73.65,J0K
Saint-Charles-sur-Richelieu,QC,45.6833,-73.1833,J0H
Nipigon,ON,49.0153,-88.2683,P0T
Witless Bay,NL,47.28,-52.83,A0A
Sainte-Helene-de-Bagot,QC,45.7333,-72.7333,J0H
Franklin Centre,QC,45.0467,-73.9005,J0S
Harbour Breton,NL,47.4833,-55.8333,A0H
Mille-Isles,QC,45.82,-74.22,J0R
Naramata,BC,49.5886,-119.5838,V0H
Lyster,QC,46.3667,-71.6167,G0S
Oakview,MB,50.1964,-100.2167,R0K
Harrison Park,MB,50.5563,-100.1674,R0J
Pond Inlet,NU,72.6808,-77.7503,X0A
Sainte-Clotilde-de-Horton,QC,45.9833,-72.2333,J0A
Burford,ON,43.1036,-80.424,
Saint-Benoit-Labre,QC,46.0667,-70.8,G0M
Terrace Bay,ON,48.8,-87.1,P0T
Maliotenam,QC,50.2114,-66.1911,G4R
Chapais,QC,49.7819,-74.8544,G0W
Saint-Honore-de-Shenley,QC,45.9667,-70.8333,G0M
Cleveland,QC,45.67,-72.08,J0B
Messines,QC,46.2333,-76.0167,J0X
Saint-Laurent-de-l'Ile-d'Orleans,QC,46.8667,-71.0167,G0A
Saint-Jean-de-Dieu,QC,48.0,-69.05,G0L
Massey Drive,NL,48.9372,-57.9,A2H
Nakusp,BC,50.2434,-117.8002,V0G
Florenceville,NB,46.4435,-67.6152,E7L
Larouche,QC,48.45,-71.5167,G0W
Fort St. James,BC,54.4431,-124.2542,V0J
Saint-Francois-de-la-Riviere-du-Sud,QC,46.8833,-70.7167,G0R
Wabasca,AB,55.9855,-113.8566,T0G
Hilliers,BC,49.3022,-124.4727,V0R V9K
Perth,NB,46.7393,-67.6984,E7H
Eeyou Istchee Baie-James,QC,52.3382,-75.1977,J0Y
Shellbrook No. 493,SK,53.3545,-106.2553,S0J
Shawville,QC,45.6,-76.4833,J0X
Lambton,QC,45.83,-71.08,G0M
Saint-Flavien,QC,46.5167,-71.6,G0S
Boissevain,MB,49.2298751870001,-100.059391205376,R0K
Sainte-Marcelline-de-Kildare,QC,46.1167,-73.6,J0K
Riviere-Blanche,QC,48.7833,-67.7,G0J
Bay Bulls,NL,47.3158,-52.8103,A0A
Saint-Felix-de-Kingsey,QC,45.8,-72.1833,J0B
Upper Island Cove,NL,47.6472,-53.2233,A0A
Sainte-Elisabeth,QC,46.0833,-73.35,J0K
Ashcroft,BC,50.7256,-121.2806,V0K
Clarkes Beach,NL,47.5447,-53.2824,A0A
Falmouth,NS,44.9967,-64.1634,B0P
Uashat,QC,50.233,-66.3947,G4R G4S
Saint-Bernard-de-Lacolle,QC,45.0833,-73.4167,J0J
Saint-Joseph,NB,47.558,-68.3082,E7B
Belledune,NB,47.9,-65.8167,E8G
Saint-Guillaume,QC,45.8833,-72.7667,J0C
Venise-en-Quebec,QC,45.0833,-73.1333,J0J
Gambo,NL,48.7833,-54.2167,A0G
Nauwigewauk,NB,45.4812,-65.8738,E5N
Humbermouth,NL,49.0156,-58.1678,A0L
Springbrook,AB,52.1796,-113.885,T4S
Saint-Paulin,QC,46.4167,-73.0333,J0K
Glenelg,NB,46.9455,-65.2893,E1N
Saint David,NB,45.2918,-67.1983,E5A E3L
Saint-Albert,QC,46.0,-72.0833,J0A
Matagami,QC,49.75,-77.6333,J0Y
Grindrod,BC,50.63,-119.1314,V0E V1E
Springfield,NB,45.7005,-65.8079,E5T E5P
Amherst,QC,46.05,-74.7667,J0T
Carlyle,SK,49.6333,-102.2667,S0C
Notre-Dame-du-Laus,QC,46.0833,-75.6167,J0X
Langham,SK,52.3667,-106.9667,S0K
St. George,NB,45.1333,-66.8167,E5C
Wembley,AB,55.1572,-119.1392,T0H
"Macdonald, Meredith and Aberdeen Additional",ON,46.4833,-84.0667,P0S
Pinawa,MB,50.1707,-95.9547,R0E
Windermere,BC,50.4856,-115.9948,V0A V0B
Saint-Tite-des-Caps,QC,47.1333,-70.7667,G0A
Hudson Bay,SK,52.851,-102.392,S0E
"Brudenell, Lyndoch and Raglan",ON,45.3167,-77.4,K0J
Gold River,BC,49.7769,-126.0514,V0P
Saint-Casimir,QC,46.65,-72.1333,G0A
Dunsmuir,BC,49.3696,-124.5772,V9K
Frenchman Butte,SK,53.6052,-109.4298,S0M
Gordon,NB,46.8363,-67.1913,E7G
Saint-Malachie,QC,46.5333,-70.7667,G0R
Southampton,NB,46.0789,-67.3124,E6E E6G
Salluit,QC,62.2013,-75.6337,J0M
Pangnirtung,NU,66.1436,-65.6829,X0A
Saint-Louis-de-Gonzague,QC,45.2,-73.98,J0S
Moosonee,ON,51.2722,-80.6431,P0L
Englehart,ON,47.8167,-79.8667,P0J
Saint-Urbain,QC,47.55,-70.5333,G0A
Tring-Jonction,QC,46.2667,-70.9833,G0N
Wilton No. 472,SK,53.124,-109.7885,S0M S9V
Denmark,NB,47.1155,-67.4771,E7H E7G
Saint-Joachim,QC,47.05,-70.85,G0A
Torch River No. 488,SK,53.5445,-104.4619,S0J
Saint-Theodore-d'Acton,QC,45.6833,-72.5833,J0H
L' Isle-Verte,QC,48.0167,-69.3333,G0L
Palmarolle,QC,48.6667,-79.2,J0Z
Bon Accord,AB,53.8328,-113.4189,T0A
Sussex Corner,NB,45.7122,-65.4719,E4E
Saint-Odilon-de-Cranbourne,QC,46.3667,-70.6833,G0S
Pipestone,MB,49.6653,-101.1444,R0M
La Dore,QC,48.72,-72.65,G8J
Lac-au-Saumon,QC,48.4167,-67.35,G0J
Wotton,QC,45.7333,-71.8,J0A
Prairie Lakes,MB,49.4034,-99.6298,R0K
Elk Point,AB,53.8967,-110.8972,T0A
St. Francois Xavier,MB,49.9903,-97.6722,R4L
Shellbrook,SK,53.2167,-106.4,S0J
Wemindji,QC,53.044,-78.7384,J0M
Cape Dorset,NU,64.2237,-76.5405,X0A
Strong,ON,45.75,-79.4,P0A
Nobleford,AB,49.8822,-113.0531,T0L
Lappe,ON,48.5693,-89.3573,P7G
Pointe-aux-Outardes,QC,49.05,-68.4333,G0H
Riviere-Heva,QC,48.2333,-78.2167,J0Y
Scott,QC,46.507872396847,-71.0665628160423,G0S
Godmanchester,QC,45.08,-74.25,J0S
Macklin,SK,52.33,-109.94,S0L
Armour,ON,45.6289,-79.3436,P0A
Saint-Simon,QC,45.719,-72.8463,J0H
Tingwick,QC,45.8873,-71.9244,J0A
Saint-Aubert,QC,47.1833,-70.2167,G0R
Saint-Mathieu-du-Parc,QC,46.5667,-72.9167,G0X
Saint-Ubalde,QC,46.75,-72.2667,G0A
Creighton,SK,54.7561,-101.8973,S0P
Faraday,ON,45.0,-77.9167,K0L
Berthier-sur-Mer,QC,46.9167,-70.7333,G0R
Bayfield,ON,43.5615,-81.6983,N0M
Frampton,QC,46.4667,-70.8,G0R
Barriere,BC,51.1803,-120.1261,V0E
Chute-aux-Outardes,QC,49.1167,-68.4,G0H
Lions Bay,BC,49.4581,-123.2369,V0N
New Carlisle,QC,48.0167,-65.3333,G0C
Laird No. 404,SK,52.5696,-106.7312,S0K
Saint-Majorique-de-Grantham,QC,45.9333,-72.5833,J2B
Petitcodiac,NB,45.9333,-65.1667,E4Z
Canwood No. 494,SK,53.4574,-106.7768,S0J
Wentworth-Nord,QC,45.85,-74.45,J0T
Bas Caraquet,NB,47.8,-64.8333,E1W
Two Hills,AB,53.715,-111.7461,T0B
Sainte-Ursule,QC,46.2833,-73.0333,J0K
Dawson,YT,64.0464,-139.3893,Y0B
Nantes,QC,45.6333,-71.0333,G6B G0Y
Lac-aux-Sables,QC,46.8667,-72.4,G0X
Stewiacke,NS,45.1422,-63.3483,B0N
Vaudreuil-sur-le-Lac,QC,45.4,-74.0333,J7V
Grahamdale,MB,51.42,-98.3733,R0C
Upham,NB,45.5083,-65.6618,E5N
St.-Charles,ON,46.3422,-80.4497,P0M
Cardwell,NB,45.7848,-65.3037,E4Z E4G
Amulet,QC,48.2938,-79.0274,J9X J9Y
L'Avenir,QC,45.7667,-72.3,J0C
Hillsborough,NB,45.9205781884486,-64.650665366647,E4H
Spiritwood No. 496,SK,53.4435,-107.4495,S0J
Pointe-a-la-Croix,QC,48.0167,-66.6833,G0C
Herouxville,QC,46.6667,-72.6167,G0X
Weldford,NB,46.5221,-65.1114,E4W E4T
Reynolds,MB,49.7678,-95.8842,R0E
St. Laurent,MB,50.43,-97.7933,R0C
L'Isle-aux-Allumettes,QC,45.8667,-77.0667,J0X
Emo,ON,48.6333,-93.8333,P0W
Sainte-Brigide-d'Iberville,QC,45.3167,-73.0667,J0J
Les Eboulements,QC,47.4833,-70.3167,G0A
Smooth Rock Falls,ON,49.2833,-81.6333,P0L
Bruederheim,AB,53.8042,-112.9278,T0B
Oxbow,SK,49.2333,-102.1667,S0C
Telkwa,BC,54.6972,-127.05,V0J
Landmark,MB,49.6711,-96.8179,R0A
Norton,NB,45.6387,-65.6955,E5N
Gjoa Haven,NU,68.6448,-95.8912,X0B
Sainte-Barbe,QC,45.1667,-74.2,J0S
Mayerthorpe,AB,53.9503,-115.1336,T0E
Ootischenia,BC,49.2916,-117.6323,V1N
Saint-Louis-du-Ha! Ha!,QC,47.67,-68.98,G0L
Taylor,BC,56.159,-120.6878,V0C
Powerview-Pine Falls,MB,50.5661,-96.1981,R0E
Ragueneau,QC,49.0667,-68.5333,G0H
Baie Verte,NL,49.9167,-56.1833,A0K
Chisholm,ON,46.1,-79.2333,P0H
Saint-Edouard,QC,45.2333,-73.5167,J0L
Charlo,NB,48.0,-66.32,E8E
Sorrento,BC,50.8832,-119.4782,V0E
Burgeo,NL,47.6,-57.6333,A0N
Wadena,SK,51.9458,-103.8014,S0A
St-Pierre-Jolys,MB,49.4403,-96.9844,R0A
Richmond,NB,46.0776,-67.7248,E7N E7M
Youbou,BC,48.8562,-124.1731,V0R
Swan Hills,AB,54.7106,-115.4133,T0G
Wilkie,SK,52.4167,-108.7,S0K
Saint-Leonard,NB,47.1625,-67.925,E7E
Riviere-Bleue,QC,47.4333,-69.05,G0L
Noyan,QC,45.0667,-73.3,J0J
Notre-Dame-du-Portage,QC,47.7667,-69.6167,G0L
Ile-a-la-Crosse,SK,55.45,-107.8833,S0M
Saint-Hugues,QC,45.8,-72.8667,J0H
Sainte-Anne-du-Sault,QC,46.1733,-72.1415,
La Conception,QC,46.15,-74.7,J0T
Vauxhall,AB,50.0689,-112.0975,T0K
Lameque,NB,47.7925,-64.6532,E8T
Arborg,MB,50.9075,-97.2182,R0C
Estevan No. 5,SK,49.1308,-103.0126,S4A
Thessalon,ON,46.25,-83.55,P0R
L'Isle-aux-Coudres,QC,47.4,-70.3833,G0A
Lanigan,SK,51.85,-105.0333,S0K
Elton,MB,49.975,-99.8658,R0K
Bowden,AB,51.9306,-114.0256,T0M
South Qu'Appelle No. 157,SK,50.5389,-104.0141,S0G
Conestogo,ON,43.5441,-80.4997,N0B
Rosser,MB,49.99,-97.4592,R3C R0H
Sainte-Lucie-des-Laurentides,QC,46.13,-74.18,J0T
Saint-Alexis,QC,45.9333,-73.6167,J0K
Roxton Falls,QC,45.5667,-72.5167,J0H
Montcalm,MB,49.1775,-97.3247,R0G
Irishtown-Summerside,NL,48.9833,-57.95,A2H
Clarendon,QC,45.65,-76.5167,J0X
Mervin No. 499,SK,53.5455,-108.8762,S0M
Saint-Ludger,QC,45.75,-70.7,G0M
Coldwell,MB,50.6389,-98.0417,R0C
Musquash,NB,45.1836,-66.3514,E5J
Racine,QC,45.5,-72.25,J0E
Osler,SK,52.37,-106.54,S0K
Saint-Zenon,QC,46.55,-73.8167,J0K
Saint-Armand,QC,45.0333,-73.05,J0J
Saint-Edouard-de-Lotbiniere,QC,46.5667,-71.8333,G0S
Alonsa,MB,50.9794,-99.0796,R0H
Saint-Arsene,QC,47.9167,-69.4333,G0L
Listuguj,QC,48.0609,-66.7491,G0C
St. Joseph,ON,46.2667,-84.0,P0R
Queensbury,NB,45.9918,-67.0632,E6L E6E
Saint-Hubert-de-Riviere-du-Loup,QC,47.8167,-69.15,G0L
Saint-Jude,QC,45.7667,-72.9833,J0H
La Minerve,QC,46.25,-74.9333,J0T
Trecesson,QC,48.65,-78.3167,J0Y
Legal,AB,53.9492,-113.595,T0G
Moonbeam,ON,49.35,-82.15,P0L
Notre-Dame-des-Pins,QC,46.1833,-70.7167,G0M
Saint-Alban,QC,46.7167,-72.0833,G0A
Saint-Pierre-les-Becquets,QC,46.5,-72.2,G0X
Beaver River,SK,54.3531,-109.5575,S0M
Labrecque,QC,48.6667,-71.5333,G0W
Claremont,ON,43.9741,-79.1316,L1Y
New Bandon,NB,47.6912,-65.29,E2A E8N
Sainte-Henedine,QC,46.55,-70.9833,G0S
L'Anse-Saint-Jean,QC,48.2333,-70.2,G0V
Moose Jaw No. 161,SK,50.4433,-105.5091,S6H
Bassano,AB,50.7833,-112.4667,T0J
Parrsboro,NS,45.3998,-64.3312,
St. George's,NL,48.4275,-58.4778,A0N
Fort Simpson,NT,61.8082,-121.3199,X0E
Akwesasne,QC,45.0155,-74.5769,J0S
Ignace,ON,49.4167,-91.6667,P0T
Teulon,MB,50.3858,-97.2611,R0C
Peel,NB,46.4058,-67.5278,E7L
Miltonvale Park,PE,46.318,-63.237,C1E
St. Lawrence,NL,46.9244,-55.3928,A0E
Oxford,NS,45.7306,-63.8733,B0M
Minto-Odanah,MB,50.2406,-99.8056,R0J
Saint-Valere,QC,46.0667,-72.1,G0P
St. Alban's,NL,47.8753,-55.8414,A0H
Kaleden,BC,49.3926,-119.5955,V0H
Saint James,NB,45.3822,-67.3427,E5A E3L
Saint-Norbert-d'Arthabaska,QC,46.1,-71.8167,G0P
Manning,AB,56.9142,-117.6272,T0H
Glenella-Lansdowne,MB,50.4163,-99.2097,R0J
Saint-Hilarion,QC,47.5667,-70.4,G0A
Saint-Modeste,QC,47.8333,-69.4,G0L
Saint-Simeon,QC,48.0667,-65.5667,G0C
Saint-Barnabe,QC,46.4,-72.8833,G0X
Irricana,AB,51.3189,-113.6106,T0M
Saint Martins,NB,45.4563,-65.4395,E5R
Two Borders,MB,49.2668,-101.1124,R0M
Bury,QC,45.4667,-71.5,J0B
Lac-Bouchette,QC,48.25,-72.18,G0W
Saint-Lazare-de-Bellechasse,QC,46.65,-70.8,G0R
Saint-Michel-du-Squatec,QC,47.88,-68.72,G0L
Saint-Joachim-de-Shefford,QC,45.45,-72.5333,J0E
Grand-Remous,QC,46.6167,-75.9,J0W
Saint-Gabriel-de-Rimouski,QC,48.4209,-68.1791,G0K
Armstrong,ON,47.7083,-79.825,P0J
Rogersville,NB,46.7167,-65.4167,E4Y
Langenburg,SK,50.8333,-101.7,S0A
Sainte-Marie-Salome,QC,45.9333,-73.5,J0K
Saint-Cyprien,QC,47.9,-69.0167,G0L
Centreville,NS,45.13,-64.5224,B0P
Maidstone,SK,53.092,-109.294,S0M
Tres-Saint-Sacrement,QC,45.1833,-73.85,J0S
Hillsburgh,ON,43.7914,-80.1354,N0B
McAdam,NB,45.5944,-67.3258,E6J
Newcastle,NB,47.1725,-65.5551,E1V
Saints-Anges,QC,46.4167,-70.8833,G0S
Saint-Urbain-Premier,QC,45.22,-73.73,J0S
Centreville-Wareham-Trinity,NL,48.9879,-53.9069,A0G
Alberton,PE,46.8167,-64.0667,C0B
Winnipeg Beach,MB,50.5058,-96.9742,R0C
Sainte-Agathe-de-Lotbiniere,QC,46.3833,-71.4167,G0S
Salmo,BC,49.1942,-117.2778,V0G
Kipling,SK,50.1015,-102.6324,S0G
Sagamok,ON,46.1529,-82.2072,P0P
Grande-Vallee,QC,49.2167,-65.1333,G0E
Bertrand,NB,47.7622,-65.0686,E1W
Mont-Carmel,QC,47.4397,-69.8586,G0L
Victoria,MB,49.6644,-98.9153,R0G R0K
Saint-Eugene,QC,45.8,-72.7,J0C
Notre-Dame-des-Neiges,QC,48.1167,-69.1667,G0L
Saint-Andre,NB,47.1392,-67.7444,
Roland,MB,49.3547,-97.8997,R0G
Saint-Leon-de-Standon,QC,46.4833,-70.6167,G0R
Hensall,ON,43.4345,-81.504,
Carnduff,SK,49.167,-101.783,S0C
Greenwich,NB,45.5112,-66.1229,E5M
Carling,ON,45.4333,-80.2167,P0G
Eckville,AB,52.3622,-114.3614,T0M
Nain,NL,56.5422,-61.6928,A0P
Foam Lake,SK,51.65,-103.5333,S0A
Sayabec,QC,48.5667,-67.6833,G0J
Laird,ON,46.3833,-84.0667,P0S
Sainte-Sabine,QC,45.2333,-73.0167,J0J
Tara,ON,44.4793,-81.1445,N0H
Saint-Maxime-du-Mont-Louis,QC,49.2333,-65.7333,G0E
Blanc-Sablon,QC,51.4167,-57.1333,G0G
Cobalt,ON,47.4,-79.6833,P0J
South River,ON,45.8417,-79.375,P0A
Hudson Bay No. 394,SK,53.0295,-102.3122,S0E
Waldheim,SK,52.65,-106.6167,S0K
McKellar,ON,45.4833,-79.85,P0G P2A
Buffalo Narrows,SK,55.8769,-108.5244,S0M
Ayer's Cliff,QC,45.1667,-72.05,J0B
Les Mechins,QC,49.0,-66.9833,G0J
Sainte-Marguerite,QC,46.5167,-70.9333,G0S
Saint-Claude,QC,45.6667,-71.9833,J1S
Air Ronge,SK,55.0872,-105.3318,S0J
Chipman,NB,46.171,-65.884,E4A
Weyburn No. 67,SK,49.6535,-103.8348,S4H
Alberta Beach,AB,53.6767,-114.35,T0E
Sainte-Jeanne-d'Arc,QC,48.8575,-72.0939,G0W
Sainte-Felicite,QC,48.9,-67.3333,G0J
Girardville,QC,49.0,-72.55,G0W
Saint-Bruno-de-Guigues,QC,47.4667,-79.4333,J0Z
Grenfell,SK,50.4167,-102.9167,S0G
South Algonquin,ON,45.4967,-78.0239,K0J
Upton,QC,45.65,-72.6833,J0H
Saint-Narcisse-de-Beaurivage,QC,46.4833,-71.2333,G0S
Plaisance,QC,45.6167,-75.1167,J0V
Roxton-Sud,QC,45.5521,-72.5265,J0H
St. Louis No. 431,SK,52.8277,-105.7873,S0J S0K
Noonan,NB,45.9544,-66.4868,E3A
Duchess,AB,50.7333,-111.9,T0J
Saint-Frederic,QC,46.3,-70.9667,G0N
Saint-Narcisse-de-Rimouski,QC,48.28,-68.43,G0K
Atholville,NB,47.9818511106651,-66.714689041714,E3N
Viking,AB,53.0953,-111.7769,T0B
Sioux Narrows-Nestor Falls,ON,49.4,-94.08,P0X
Repulse Bay,NU,66.5628,-86.3186,X0C
Saint-Patrice-de-Beaurivage,QC,46.4167,-71.2333,G0S
Bentley,AB,52.4667,-114.05,T0C
Durham,NB,47.7631,-66.0849,E8G
Sainte-Marthe,QC,45.4,-74.3,J0P
Notre-Dame-du-Nord,QC,47.6,-79.4833,J0Z
Beachburg,ON,45.7303,-76.8559,K0J
Pinehouse,SK,55.5136,-106.5986,S0J
Saint-Aime-des-Lacs,QC,47.6833,-70.3,G0T
Wedgeport,NS,43.7323,-65.9797,B0W
Lac-Drolet,QC,45.72,-70.85,G0Y
Preeceville,SK,51.958,-102.6673,S0A
Maple Creek No. 111,SK,49.8044,-109.6508,S0N
Harbour Main-Chapel's Cove-Lakeview,NL,47.4337,-53.1458,A0A
Coleraine,QC,45.9649,-71.3734,G0N
Birch Hills,SK,52.9833,-105.4333,S0J
Saint-Bonaventure,QC,45.9667,-72.6833,J0C
Saint-Wenceslas,QC,46.1667,-72.3333,G0Z
Kerrobert,SK,51.92,-109.1272,S0L
Havelock,NB,45.9523,-65.3885,E4Z
Eston,SK,51.15,-108.75,S0L
Sainte-Genevieve-de-Batiscan,QC,46.5333,-72.3333,G0X
Saint-Justin,QC,46.25,-73.0833,J0K
Saint-Norbert,QC,46.1667,-73.3167,J0K
Schreiber,ON,48.8167,-87.2667,P0T
Trochu,AB,51.8236,-113.2328,T0M
Botsford,NB,46.1145,-63.9804,E4M
Riviere-Ouelle,QC,47.4333,-70.0167,G0L
Stukely-Sud,QC,45.3167,-72.4167,J0E
Saint-Georges-de-Clarenceville,QC,45.0667,-73.25,J0J
Plantagenet,ON,45.5321,-74.9956,K0B
Sainte-Therese-de-Gaspe,QC,48.4167,-64.4167,G0C
Sainte-Petronille,QC,46.85,-71.1333,G0A
Desbiens,QC,48.4167,-71.95,G0W
Clyde River,NU,70.4632,-68.4822,X0A
La Macaza,QC,46.3667,-74.7667,J0T
Souris,PE,46.3554,-62.2542,C0A
Kindersley No. 290,SK,51.4894,-109.0979,S0L
Falher,AB,55.7372,-117.2014,T0H
Saint-Vallier,QC,46.8833,-70.8167,G0R
Melita,MB,49.2681,-100.9958,R0M
Davidson,SK,51.2667,-105.9667,S0G
Bristol,QC,45.5333,-76.4667,J0X
Mahone Bay,NS,44.4489,-64.3819,B0J
Saint-Sylvestre,QC,46.3667,-71.2333,G0S
Taloyoak,NU,69.5554,-93.4972,X0B
Onoway,AB,53.7011,-114.1981,T0E
Saint-Stanislas,QC,46.6167,-72.4,G0X
Battle River No. 438,SK,52.7343,-108.4452,S0M
Malpeque,PE,46.5,-63.6667,C0B
Longue-Rive,QC,48.55,-69.25,G0T
Argyle,MB,49.3697,-99.1506,R0K
Delisle,SK,51.9254,-107.1333,S0L
Plaster Rock,NB,46.8833,-67.3833,E7G
Wilmot,NB,46.3463,-67.7099,E7K
Valemount,BC,52.8284,-119.2659,V0E
Saint-Leonard-de-Portneuf,QC,46.8833,-71.9167,G0A
Longlaketon No. 219,SK,50.9386,-104.6913,S0G
Papineau-Cameron,ON,46.3,-78.7333,P0H
Assiginack,ON,45.7333,-81.8,P0P
Brebeuf,QC,46.0667,-74.6667,J0T
Hudson Hope,BC,56.0316,-121.9057,V0C
Baie-du-Febvre,QC,46.13,-72.72,J0G
Durham-Sud,QC,45.6667,-72.3333,J0H
Melbourne,QC,45.58,-72.17,J0B
Nipawin No. 487,SK,53.2881,-104.0544,S0E
Duck Lake No. 463,SK,52.9596,-106.2089,S0K S6V
Oyen,AB,51.3522,-110.4739,T0J
Gravelbourg,SK,49.874,-106.555,S0H
Lajord No. 128,SK,50.1965,-104.2507,S0G
Hebertville,QC,48.3908095949458,-71.6819728261466,G8N
Lorrainville,QC,47.3542299036518,-79.3520914698444,J0Z
Prince,ON,46.5333,-84.5,P6A
Athens,ON,44.625,-75.95,K0E
Saint-Rene-de-Matane,QC,48.7,-67.3833,G0J
Eastman,QC,45.2968981712764,-72.3055222480217,J0E
Kugluktuk,NU,67.823848117453,-115.099088952782,X0B
Kedgwick,NB,47.6456,-67.3431,E8B
Wemotaci,QC,47.9024818814051,-73.7817090155559,G0X
Cookshire,QC,45.4121611599823,-71.6161136717221,J0B
Dorchester,NB,45.9016,-64.5161,E4K
Fortune,NL,47.0722112118505,-55.8243165856721,A0E
Hamiota,MB,50.1964,-100.6342,R0M
Gillam,MB,56.3489179571208,-94.7111288476739,R0B
Grand View,MB,51.155,-100.7892,R0L
Dildo,NL,47.5685,-53.5471,A0B
Laurierville,QC,46.3,-71.65,G0S
Ripon,QC,45.7833,-75.1,J0V
Henryville,QC,45.1333,-73.1833,J0J
Gracefield,QC,46.0926321848593,-76.0513883182302,J0X
Chatsworth,ON,44.38,-80.87,N0H
McCreary,MB,50.7494,-99.485,R0J
Yamaska-Est,QC,46.0,-72.92,J0G
Rossburn,MB,50.7272,-100.7408,R0J
Rothesay,NB,45.3995696420244,-65.8776221957435,E2S
Ethelbert,MB,51.5364,-100.4981,R0L
Frelighsburg,QC,45.0547772061142,-72.8416732377738,J0J
Magnetawan,ON,45.6667,-79.6333,P0A
